site_url,country_id,avail
http://agrarian.council.gov.ru,ru1,False
http://agrarian.council.gov.ru,kz1,False
http://agrarian.council.gov.ru,at1,False
http://agrarian.council.gov.ru,ru2,False
http://agrarian.council.gov.ru,ua2,False
http://agrarian.council.gov.ru,ir1,False
http://agrarian.council.gov.ru,hk1,False
http://agrarian.council.gov.ru,us2,False
http://agrarian.council.gov.ru,lt1,False
http://agrarian.council.gov.ru,md1,False
http://agrarian.council.gov.ru,nl1,False
http://agrarian.council.gov.ru,it2,False
http://agrarian.council.gov.ru,ca1,False
http://agrarian.council.gov.ru,ua1,False
http://agrarian.council.gov.ru,de4,False
http://agrarian.council.gov.ru,ch1,False
http://agrarian.council.gov.ru,au1,False
http://agrarian.council.gov.ru,pt1,False
http://agrarian.council.gov.ru,fr2,False
http://agrarian.council.gov.ru,tr1,False
http://agrarian.council.gov.ru,us1,False
http://cbr.ru,kz1,True
http://cbr.ru,at1,True
http://cbr.ru,ru1,True
http://cbr.ru,ua2,True
http://cbr.ru,ru2,True
http://cbr.ru,us2,True
http://cbr.ru,lt1,True
http://cbr.ru,hk1,True
http://cbr.ru,ir1,True
http://cbr.ru,md1,True
http://cbr.ru,de4,True
http://cbr.ru,it2,True
http://cbr.ru,nl1,True
http://cbr.ru,ca1,True
http://cbr.ru,ua1,True
http://cbr.ru,au1,True
http://cbr.ru,ch1,True
http://cbr.ru,tr1,True
http://cbr.ru,fr2,True
http://cbr.ru,us1,True
http://cbr.ru,pt1,True
http://admin-gorlovka.ru,ch1,True
http://admin-gorlovka.ru,au1,True
http://admin-gorlovka.ru,pt1,True
http://admin-gorlovka.ru,us1,True
http://admin-gorlovka.ru,fr2,True
http://admin-gorlovka.ru,tr1,True
http://admin-gorlovka.ru,ua1,True
http://admin-gorlovka.ru,it2,True
http://admin-gorlovka.ru,nl1,True
http://admin-gorlovka.ru,ca1,True
http://admin-gorlovka.ru,de4,True
http://admin-gorlovka.ru,hk1,True
http://admin-gorlovka.ru,ir1,True
http://admin-gorlovka.ru,lt1,True
http://admin-gorlovka.ru,us2,True
http://admin-gorlovka.ru,md1,True
http://admin-gorlovka.ru,ru1,True
http://admin-gorlovka.ru,at1,True
http://admin-gorlovka.ru,kz1,True
http://admin-gorlovka.ru,ru2,True
http://admin-gorlovka.ru,ua2,True
http://budget.council.gov.ru,de4,False
http://budget.council.gov.ru,ua1,False
http://budget.council.gov.ru,ca1,False
http://budget.council.gov.ru,nl1,False
http://budget.council.gov.ru,it2,False
http://budget.council.gov.ru,au1,False
http://budget.council.gov.ru,ch1,False
http://budget.council.gov.ru,us1,False
http://budget.council.gov.ru,fr2,False
http://budget.council.gov.ru,tr1,False
http://budget.council.gov.ru,pt1,False
http://budget.council.gov.ru,at1,False
http://budget.council.gov.ru,kz1,False
http://budget.council.gov.ru,ru1,False
http://budget.council.gov.ru,ua2,False
http://budget.council.gov.ru,ru2,False
http://budget.council.gov.ru,lt1,False
http://budget.council.gov.ru,us2,False
http://budget.council.gov.ru,ir1,False
http://budget.council.gov.ru,hk1,False
http://budget.council.gov.ru,md1,False
http://council.gov.ru/structure/chamber,pt1,False
http://council.gov.ru/structure/chamber,us1,False
http://council.gov.ru/structure/chamber,tr1,False
http://council.gov.ru/structure/chamber,fr2,False
http://council.gov.ru/structure/chamber,ch1,False
http://council.gov.ru/structure/chamber,au1,False
http://council.gov.ru/structure/chamber,ua1,False
http://council.gov.ru/structure/chamber,nl1,False
http://council.gov.ru/structure/chamber,it2,False
http://council.gov.ru/structure/chamber,ca1,False
http://council.gov.ru/structure/chamber,de4,False
http://council.gov.ru/structure/chamber,md1,False
http://council.gov.ru/structure/chamber,ir1,False
http://council.gov.ru/structure/chamber,hk1,False
http://council.gov.ru/structure/chamber,lt1,False
http://council.gov.ru/structure/chamber,us2,False
http://council.gov.ru/structure/chamber,ru2,False
http://council.gov.ru/structure/chamber,ua2,False
http://council.gov.ru/structure/chamber,ru1,False
http://council.gov.ru/structure/chamber,kz1,False
http://council.gov.ru/structure/chamber,at1,False
http://crb-dnr.ru,ua1,True
http://crb-dnr.ru,nl1,True
http://crb-dnr.ru,it2,True
http://crb-dnr.ru,ca1,True
http://crb-dnr.ru,de4,True
http://crb-dnr.ru,ch1,True
http://crb-dnr.ru,au1,True
http://crb-dnr.ru,pt1,True
http://crb-dnr.ru,us1,True
http://crb-dnr.ru,fr2,False
http://crb-dnr.ru,tr1,True
http://crb-dnr.ru,ru1,True
http://crb-dnr.ru,kz1,True
http://crb-dnr.ru,at1,True
http://crb-dnr.ru,ru2,True
http://crb-dnr.ru,ua2,True
http://crb-dnr.ru,ir1,True
http://crb-dnr.ru,hk1,True
http://crb-dnr.ru,lt1,True
http://crb-dnr.ru,us2,True
http://crb-dnr.ru,md1,True
http://crime-dn.su,us1,False
http://crime-dn.su,tr1,False
http://crime-dn.su,fr2,False
http://crime-dn.su,pt1,False
http://crime-dn.su,au1,False
http://crime-dn.su,ch1,False
http://crime-dn.su,de4,False
http://crime-dn.su,ua1,False
http://crime-dn.su,nl1,False
http://crime-dn.su,it2,False
http://crime-dn.su,ca1,False
http://crime-dn.su,md1,False
http://crime-dn.su,lt1,False
http://crime-dn.su,us2,False
http://crime-dn.su,hk1,False
http://crime-dn.su,ir1,False
http://crime-dn.su,ua2,False
http://crime-dn.su,ru2,False
http://crime-dn.su,at1,False
http://crime-dn.su,kz1,False
http://crime-dn.su,ru1,False
http://debalcevo-dnr.ru,md1,True
http://debalcevo-dnr.ru,us2,True
http://debalcevo-dnr.ru,lt1,True
http://debalcevo-dnr.ru,ir1,True
http://debalcevo-dnr.ru,hk1,True
http://debalcevo-dnr.ru,ua2,True
http://debalcevo-dnr.ru,ru2,True
http://debalcevo-dnr.ru,at1,True
http://debalcevo-dnr.ru,kz1,True
http://debalcevo-dnr.ru,ru1,True
http://debalcevo-dnr.ru,fr2,True
http://debalcevo-dnr.ru,tr1,True
http://debalcevo-dnr.ru,us1,True
http://debalcevo-dnr.ru,pt1,True
http://debalcevo-dnr.ru,au1,True
http://debalcevo-dnr.ru,ch1,True
http://debalcevo-dnr.ru,de4,True
http://debalcevo-dnr.ru,nl1,True
http://debalcevo-dnr.ru,it2,True
http://debalcevo-dnr.ru,ca1,True
http://debalcevo-dnr.ru,ua1,False
http://dnr-hotline.ru,ua1,True
http://dnr-hotline.ru,ca1,True
http://dnr-hotline.ru,nl1,True
http://dnr-hotline.ru,it2,True
http://dnr-hotline.ru,de4,True
http://dnr-hotline.ru,ch1,True
http://dnr-hotline.ru,au1,True
http://dnr-hotline.ru,pt1,True
http://dnr-hotline.ru,us1,True
http://dnr-hotline.ru,fr2,True
http://dnr-hotline.ru,tr1,True
http://dnr-hotline.ru,ru1,True
http://dnr-hotline.ru,kz1,True
http://dnr-hotline.ru,at1,True
http://dnr-hotline.ru,ru2,True
http://dnr-hotline.ru,ua2,True
http://dnr-hotline.ru,ir1,True
http://dnr-hotline.ru,hk1,True
http://dnr-hotline.ru,lt1,True
http://dnr-hotline.ru,us2,True
http://dnr-hotline.ru,md1,True
http://denis-pushilin.ru,it2,True
http://denis-pushilin.ru,nl1,True
http://denis-pushilin.ru,ca1,True
http://denis-pushilin.ru,ua1,True
http://denis-pushilin.ru,de4,True
http://denis-pushilin.ru,ch1,True
http://denis-pushilin.ru,au1,True
http://denis-pushilin.ru,pt1,True
http://denis-pushilin.ru,fr2,True
http://denis-pushilin.ru,tr1,True
http://denis-pushilin.ru,us1,True
http://denis-pushilin.ru,ru1,True
http://denis-pushilin.ru,at1,True
http://denis-pushilin.ru,kz1,True
http://denis-pushilin.ru,ru2,True
http://denis-pushilin.ru,ua2,True
http://denis-pushilin.ru,ir1,True
http://denis-pushilin.ru,hk1,True
http://denis-pushilin.ru,us2,True
http://denis-pushilin.ru,lt1,True
http://denis-pushilin.ru,md1,True
http://defence.council.gov.ru,au1,False
http://defence.council.gov.ru,ch1,False
http://defence.council.gov.ru,tr1,False
http://defence.council.gov.ru,fr2,False
http://defence.council.gov.ru,us1,False
http://defence.council.gov.ru,pt1,False
http://defence.council.gov.ru,de4,False
http://defence.council.gov.ru,nl1,False
http://defence.council.gov.ru,ca1,False
http://defence.council.gov.ru,it2,False
http://defence.council.gov.ru,ua1,False
http://defence.council.gov.ru,us2,False
http://defence.council.gov.ru,lt1,False
http://defence.council.gov.ru,ir1,False
http://defence.council.gov.ru,hk1,False
http://defence.council.gov.ru,md1,False
http://defence.council.gov.ru,kz1,False
http://defence.council.gov.ru,at1,False
http://defence.council.gov.ru,ru1,False
http://defence.council.gov.ru,ua2,False
http://defence.council.gov.ru,ru2,False
http://dnr-life.ru,tr1,True
http://dnr-life.ru,fr2,True
http://dnr-life.ru,us1,True
http://dnr-life.ru,pt1,True
http://dnr-life.ru,au1,True
http://dnr-life.ru,ch1,True
http://dnr-life.ru,de4,True
http://dnr-life.ru,ca1,True
http://dnr-life.ru,nl1,True
http://dnr-life.ru,it2,True
http://dnr-life.ru,ua1,True
http://dnr-life.ru,md1,True
http://dnr-life.ru,us2,True
http://dnr-life.ru,lt1,True
http://dnr-life.ru,ir1,True
http://dnr-life.ru,hk1,True
http://dnr-life.ru,ua2,True
http://dnr-life.ru,ru2,True
http://dnr-life.ru,kz1,True
http://dnr-life.ru,at1,True
http://dnr-life.ru,ru1,True
http://dnr-live.ru,au1,False
http://dnr-live.ru,ch1,True
http://dnr-live.ru,us1,False
http://dnr-live.ru,tr1,False
http://dnr-live.ru,fr2,True
http://dnr-live.ru,pt1,False
http://dnr-live.ru,de4,False
http://dnr-live.ru,ua1,False
http://dnr-live.ru,it2,True
http://dnr-live.ru,nl1,True
http://dnr-live.ru,ca1,False
http://dnr-live.ru,lt1,True
http://dnr-live.ru,us2,False
http://dnr-live.ru,hk1,False
http://dnr-live.ru,ir1,False
http://dnr-live.ru,md1,False
http://dnr-live.ru,kz1,False
http://dnr-live.ru,at1,True
http://dnr-live.ru,ru1,True
http://dnr-live.ru,ua2,True
http://dnr-live.ru,ru2,True
http://dnr-pravda.ru,de4,True
http://dnr-pravda.ru,ua1,True
http://dnr-pravda.ru,nl1,True
http://dnr-pravda.ru,ca1,True
http://dnr-pravda.ru,it2,True
http://dnr-pravda.ru,au1,True
http://dnr-pravda.ru,ch1,True
http://dnr-pravda.ru,us1,True
http://dnr-pravda.ru,tr1,True
http://dnr-pravda.ru,fr2,True
http://dnr-pravda.ru,pt1,True
http://dnr-pravda.ru,kz1,True
http://dnr-pravda.ru,at1,True
http://dnr-pravda.ru,ru1,True
http://dnr-pravda.ru,ua2,True
http://dnr-pravda.ru,ru2,True
http://dnr-pravda.ru,lt1,True
http://dnr-pravda.ru,us2,True
http://dnr-pravda.ru,hk1,True
http://dnr-pravda.ru,ir1,True
http://dnr-pravda.ru,md1,True
http://dnrailway.ru,tr1,True
http://dnrailway.ru,fr2,True
http://dnrailway.ru,us1,True
http://dnrailway.ru,pt1,True
http://dnrailway.ru,au1,True
http://dnrailway.ru,ch1,True
http://dnrailway.ru,de4,True
http://dnrailway.ru,it2,True
http://dnrailway.ru,nl1,True
http://dnrailway.ru,ca1,True
http://dnrailway.ru,ua1,True
http://dnrailway.ru,md1,True
http://dnrailway.ru,us2,True
http://dnrailway.ru,lt1,True
http://dnrailway.ru,hk1,True
http://dnrailway.ru,ir1,True
http://dnrailway.ru,ua2,True
http://dnrailway.ru,ru2,True
http://dnrailway.ru,at1,True
http://dnrailway.ru,kz1,True
http://dnrailway.ru,ru1,True
http://dnrles.ru,ca1,True
http://dnrles.ru,nl1,True
http://dnrles.ru,it2,True
http://dnrles.ru,ua1,False
http://dnrles.ru,de4,True
http://dnrles.ru,ch1,True
http://dnrles.ru,au1,True
http://dnrles.ru,pt1,True
http://dnrles.ru,fr2,True
http://dnrles.ru,tr1,True
http://dnrles.ru,us1,True
http://dnrles.ru,ru1,True
http://dnrles.ru,at1,True
http://dnrles.ru,kz1,True
http://dnrles.ru,ru2,True
http://dnrles.ru,ua2,True
http://dnrles.ru,ir1,True
http://dnrles.ru,hk1,True
http://dnrles.ru,us2,True
http://dnrles.ru,lt1,True
http://dnrles.ru,md1,True
http://dnrsovet.su,ch1,True
http://dnrsovet.su,au1,True
http://dnrsovet.su,pt1,True
http://dnrsovet.su,fr2,True
http://dnrsovet.su,tr1,True
http://dnrsovet.su,us1,True
http://dnrsovet.su,it2,True
http://dnrsovet.su,nl1,True
http://dnrsovet.su,ca1,True
http://dnrsovet.su,ua1,True
http://dnrsovet.su,de4,True
http://dnrsovet.su,ir1,True
http://dnrsovet.su,hk1,True
http://dnrsovet.su,us2,True
http://dnrsovet.su,lt1,True
http://dnrsovet.su,md1,True
http://dnrsovet.su,ru1,True
http://dnrsovet.su,kz1,True
http://dnrsovet.su,at1,True
http://dnrsovet.su,ru2,True
http://dnrsovet.su,ua2,True
http://dokuchaevskga.ucoz.org,kz1,True
http://dokuchaevskga.ucoz.org,at1,True
http://dokuchaevskga.ucoz.org,ru1,True
http://dokuchaevskga.ucoz.org,ua2,True
http://dokuchaevskga.ucoz.org,ru2,True
http://dokuchaevskga.ucoz.org,lt1,True
http://dokuchaevskga.ucoz.org,us2,True
http://dokuchaevskga.ucoz.org,hk1,True
http://dokuchaevskga.ucoz.org,ir1,False
http://dokuchaevskga.ucoz.org,md1,True
http://dokuchaevskga.ucoz.org,de4,True
http://dokuchaevskga.ucoz.org,ua1,False
http://dokuchaevskga.ucoz.org,ca1,True
http://dokuchaevskga.ucoz.org,nl1,True
http://dokuchaevskga.ucoz.org,it2,True
http://dokuchaevskga.ucoz.org,au1,True
http://dokuchaevskga.ucoz.org,ch1,True
http://dokuchaevskga.ucoz.org,us1,True
http://dokuchaevskga.ucoz.org,tr1,True
http://dokuchaevskga.ucoz.org,fr2,True
http://dokuchaevskga.ucoz.org,pt1,True
http://doncsm.ru,ca1,True
http://doncsm.ru,nl1,True
http://doncsm.ru,it2,True
http://doncsm.ru,ua1,True
http://doncsm.ru,de4,True
http://doncsm.ru,ch1,True
http://doncsm.ru,au1,True
http://doncsm.ru,pt1,True
http://doncsm.ru,tr1,True
http://doncsm.ru,fr2,True
http://doncsm.ru,us1,True
http://doncsm.ru,ru1,True
http://doncsm.ru,kz1,True
http://doncsm.ru,at1,True
http://doncsm.ru,ru2,True
http://doncsm.ru,ua2,True
http://doncsm.ru,ir1,True
http://doncsm.ru,hk1,True
http://doncsm.ru,us2,True
http://doncsm.ru,lt1,True
http://doncsm.ru,md1,True
http://donmarkets.ru,nl1,True
http://donmarkets.ru,it2,True
http://donmarkets.ru,ca1,True
http://donmarkets.ru,ua1,True
http://donmarkets.ru,de4,True
http://donmarkets.ru,ch1,True
http://donmarkets.ru,au1,True
http://donmarkets.ru,pt1,True
http://donmarkets.ru,tr1,True
http://donmarkets.ru,fr2,True
http://donmarkets.ru,us1,True
http://donmarkets.ru,ru1,True
http://donmarkets.ru,kz1,True
http://donmarkets.ru,at1,True
http://donmarkets.ru,ru2,True
http://donmarkets.ru,ua2,True
http://donmarkets.ru,ir1,True
http://donmarkets.ru,hk1,True
http://donmarkets.ru,us2,True
http://donmarkets.ru,lt1,True
http://donmarkets.ru,md1,True
http://donmintrans.ru,de4,True
http://donmintrans.ru,ua1,False
http://donmintrans.ru,ca1,True
http://donmintrans.ru,it2,True
http://donmintrans.ru,nl1,True
http://donmintrans.ru,au1,True
http://donmintrans.ru,ch1,True
http://donmintrans.ru,us1,True
http://donmintrans.ru,fr2,True
http://donmintrans.ru,tr1,True
http://donmintrans.ru,pt1,True
http://donmintrans.ru,at1,True
http://donmintrans.ru,kz1,True
http://donmintrans.ru,ru1,True
http://donmintrans.ru,ua2,True
http://donmintrans.ru,ru2,True
http://donmintrans.ru,lt1,True
http://donmintrans.ru,us2,True
http://donmintrans.ru,ir1,True
http://donmintrans.ru,hk1,True
http://donmintrans.ru,md1,True
http://economy.council.gov.ru,md1,False
http://economy.council.gov.ru,ir1,False
http://economy.council.gov.ru,hk1,False
http://economy.council.gov.ru,us2,False
http://economy.council.gov.ru,lt1,False
http://economy.council.gov.ru,ru2,False
http://economy.council.gov.ru,ua2,False
http://economy.council.gov.ru,ru1,False
http://economy.council.gov.ru,kz1,False
http://economy.council.gov.ru,at1,False
http://economy.council.gov.ru,pt1,False
http://economy.council.gov.ru,fr2,False
http://economy.council.gov.ru,tr1,False
http://economy.council.gov.ru,us1,False
http://economy.council.gov.ru,ch1,False
http://economy.council.gov.ru,au1,False
http://economy.council.gov.ru,nl1,False
http://economy.council.gov.ru,ca1,False
http://economy.council.gov.ru,it2,False
http://economy.council.gov.ru,ua1,False
http://economy.council.gov.ru,de4,False
http://duma.gov.ru/duma/council,ir1,False
http://duma.gov.ru/duma/council,hk1,False
http://duma.gov.ru/duma/council,lt1,False
http://duma.gov.ru/duma/council,us2,False
http://duma.gov.ru/duma/council,md1,False
http://duma.gov.ru/duma/council,ru1,False
http://duma.gov.ru/duma/council,at1,False
http://duma.gov.ru/duma/council,kz1,False
http://duma.gov.ru/duma/council,ru2,False
http://duma.gov.ru/duma/council,ua2,False
http://duma.gov.ru/duma/council,ch1,False
http://duma.gov.ru/duma/council,au1,False
http://duma.gov.ru/duma/council,pt1,False
http://duma.gov.ru/duma/council,us1,False
http://duma.gov.ru/duma/council,tr1,False
http://duma.gov.ru/duma/council,fr2,False
http://duma.gov.ru/duma/council,ua1,False
http://duma.gov.ru/duma/council,nl1,False
http://duma.gov.ru/duma/council,ca1,False
http://duma.gov.ru/duma/council,it2,False
http://duma.gov.ru/duma/council,de4,False
http://econri.org,de4,True
http://econri.org,ca1,True
http://econri.org,nl1,True
http://econri.org,it2,True
http://econri.org,ua1,True
http://econri.org,au1,True
http://econri.org,ch1,True
http://econri.org,fr2,True
http://econri.org,tr1,True
http://econri.org,us1,True
http://econri.org,pt1,True
http://econri.org,kz1,True
http://econri.org,at1,True
http://econri.org,ru1,True
http://econri.org,ua2,True
http://econri.org,ru2,True
http://econri.org,us2,True
http://econri.org,lt1,True
http://econri.org,hk1,True
http://econri.org,ir1,True
http://econri.org,md1,True
http://fpdnr.ru,hk1,True
http://fpdnr.ru,ir1,True
http://fpdnr.ru,us2,True
http://fpdnr.ru,lt1,True
http://fpdnr.ru,md1,True
http://fpdnr.ru,ru1,True
http://fpdnr.ru,kz1,True
http://fpdnr.ru,at1,True
http://fpdnr.ru,ru2,True
http://fpdnr.ru,ua2,True
http://fpdnr.ru,ch1,True
http://fpdnr.ru,au1,True
http://fpdnr.ru,pt1,True
http://fpdnr.ru,tr1,True
http://fpdnr.ru,fr2,False
http://fpdnr.ru,us1,True
http://fpdnr.ru,nl1,True
http://fpdnr.ru,ca1,True
http://fpdnr.ru,it2,True
http://fpdnr.ru,ua1,True
http://fpdnr.ru,de4,True
http://fsdnr.com,ua2,True
http://fsdnr.com,ru2,True
http://fsdnr.com,kz1,True
http://fsdnr.com,at1,True
http://fsdnr.com,ru1,True
http://fsdnr.com,md1,True
http://fsdnr.com,us2,True
http://fsdnr.com,lt1,True
http://fsdnr.com,hk1,True
http://fsdnr.com,ir1,True
http://fsdnr.com,de4,True
http://fsdnr.com,it2,True
http://fsdnr.com,nl1,True
http://fsdnr.com,ca1,True
http://fsdnr.com,ua1,True
http://fsdnr.com,fr2,False
http://fsdnr.com,tr1,True
http://fsdnr.com,us1,True
http://fsdnr.com,pt1,True
http://fsdnr.com,au1,True
http://fsdnr.com,ch1,True
http://gazeta-dnr.ru,kz1,True
http://gazeta-dnr.ru,at1,True
http://gazeta-dnr.ru,ru1,True
http://gazeta-dnr.ru,ua2,True
http://gazeta-dnr.ru,ru2,True
http://gazeta-dnr.ru,lt1,True
http://gazeta-dnr.ru,us2,True
http://gazeta-dnr.ru,ir1,True
http://gazeta-dnr.ru,hk1,True
http://gazeta-dnr.ru,md1,True
http://gazeta-dnr.ru,de4,True
http://gazeta-dnr.ru,ua1,True
http://gazeta-dnr.ru,nl1,True
http://gazeta-dnr.ru,ca1,True
http://gazeta-dnr.ru,it2,True
http://gazeta-dnr.ru,au1,True
http://gazeta-dnr.ru,ch1,True
http://gazeta-dnr.ru,us1,True
http://gazeta-dnr.ru,tr1,True
http://gazeta-dnr.ru,fr2,True
http://gazeta-dnr.ru,pt1,True
http://gisnpa-dnr.ru,at1,True
http://gisnpa-dnr.ru,kz1,True
http://gisnpa-dnr.ru,ru1,True
http://gisnpa-dnr.ru,ua2,True
http://gisnpa-dnr.ru,ru2,True
http://gisnpa-dnr.ru,us2,True
http://gisnpa-dnr.ru,lt1,True
http://gisnpa-dnr.ru,ir1,True
http://gisnpa-dnr.ru,hk1,True
http://gisnpa-dnr.ru,md1,True
http://gisnpa-dnr.ru,de4,True
http://gisnpa-dnr.ru,it2,True
http://gisnpa-dnr.ru,nl1,True
http://gisnpa-dnr.ru,ca1,True
http://gisnpa-dnr.ru,ua1,True
http://gisnpa-dnr.ru,au1,True
http://gisnpa-dnr.ru,ch1,True
http://gisnpa-dnr.ru,fr2,False
http://gisnpa-dnr.ru,tr1,True
http://gisnpa-dnr.ru,us1,True
http://gisnpa-dnr.ru,pt1,True
http://gkecopoldnr.ru,ru1,True
http://gkecopoldnr.ru,at1,True
http://gkecopoldnr.ru,kz1,True
http://gkecopoldnr.ru,ru2,True
http://gkecopoldnr.ru,ua2,True
http://gkecopoldnr.ru,ir1,True
http://gkecopoldnr.ru,hk1,True
http://gkecopoldnr.ru,us2,True
http://gkecopoldnr.ru,lt1,True
http://gkecopoldnr.ru,md1,True
http://gkecopoldnr.ru,nl1,True
http://gkecopoldnr.ru,ca1,True
http://gkecopoldnr.ru,it2,True
http://gkecopoldnr.ru,ua1,True
http://gkecopoldnr.ru,de4,True
http://gkecopoldnr.ru,ch1,True
http://gkecopoldnr.ru,au1,True
http://gkecopoldnr.ru,pt1,True
http://gkecopoldnr.ru,fr2,True
http://gkecopoldnr.ru,tr1,True
http://gkecopoldnr.ru,us1,True
http://gorlovka-tv.ru,ru2,True
http://gorlovka-tv.ru,ua2,True
http://gorlovka-tv.ru,ru1,True
http://gorlovka-tv.ru,at1,True
http://gorlovka-tv.ru,kz1,True
http://gorlovka-tv.ru,md1,True
http://gorlovka-tv.ru,hk1,True
http://gorlovka-tv.ru,ir1,True
http://gorlovka-tv.ru,us2,True
http://gorlovka-tv.ru,lt1,True
http://gorlovka-tv.ru,nl1,True
http://gorlovka-tv.ru,it2,True
http://gorlovka-tv.ru,ca1,True
http://gorlovka-tv.ru,ua1,True
http://gorlovka-tv.ru,de4,True
http://gorlovka-tv.ru,pt1,True
http://gorlovka-tv.ru,tr1,True
http://gorlovka-tv.ru,fr2,True
http://gorlovka-tv.ru,us1,True
http://gorlovka-tv.ru,ch1,True
http://gorlovka-tv.ru,au1,True
http://gorod-donetsk.com,md1,True
http://gorod-donetsk.com,ir1,True
http://gorod-donetsk.com,hk1,True
http://gorod-donetsk.com,us2,True
http://gorod-donetsk.com,lt1,True
http://gorod-donetsk.com,ru2,True
http://gorod-donetsk.com,ua2,True
http://gorod-donetsk.com,ru1,True
http://gorod-donetsk.com,at1,True
http://gorod-donetsk.com,kz1,True
http://gorod-donetsk.com,pt1,True
http://gorod-donetsk.com,fr2,True
http://gorod-donetsk.com,tr1,True
http://gorod-donetsk.com,us1,True
http://gorod-donetsk.com,ch1,True
http://gorod-donetsk.com,au1,True
http://gorod-donetsk.com,ca1,True
http://gorod-donetsk.com,nl1,True
http://gorod-donetsk.com,it2,True
http://gorod-donetsk.com,ua1,False
http://gorod-donetsk.com,de4,True
http://gostrud-dnr.ru,ca1,True
http://gostrud-dnr.ru,nl1,True
http://gostrud-dnr.ru,it2,True
http://gostrud-dnr.ru,ua1,True
http://gostrud-dnr.ru,de4,True
http://gostrud-dnr.ru,ch1,True
http://gostrud-dnr.ru,au1,True
http://gostrud-dnr.ru,pt1,True
http://gostrud-dnr.ru,tr1,True
http://gostrud-dnr.ru,fr2,True
http://gostrud-dnr.ru,us1,True
http://gostrud-dnr.ru,ru1,True
http://gostrud-dnr.ru,kz1,True
http://gostrud-dnr.ru,at1,True
http://gostrud-dnr.ru,ru2,True
http://gostrud-dnr.ru,ua2,True
http://gostrud-dnr.ru,hk1,False
http://gostrud-dnr.ru,ir1,True
http://gostrud-dnr.ru,us2,True
http://gostrud-dnr.ru,lt1,True
http://gostrud-dnr.ru,md1,True
http://goskomzemdnr.ru,pt1,True
http://goskomzemdnr.ru,tr1,True
http://goskomzemdnr.ru,fr2,True
http://goskomzemdnr.ru,us1,True
http://goskomzemdnr.ru,ch1,True
http://goskomzemdnr.ru,au1,True
http://goskomzemdnr.ru,it2,True
http://goskomzemdnr.ru,nl1,True
http://goskomzemdnr.ru,ca1,True
http://goskomzemdnr.ru,ua1,False
http://goskomzemdnr.ru,de4,True
http://goskomzemdnr.ru,md1,True
http://goskomzemdnr.ru,hk1,True
http://goskomzemdnr.ru,ir1,True
http://goskomzemdnr.ru,us2,True
http://goskomzemdnr.ru,lt1,True
http://goskomzemdnr.ru,ru2,True
http://goskomzemdnr.ru,ua2,True
http://goskomzemdnr.ru,ru1,True
http://goskomzemdnr.ru,at1,True
http://goskomzemdnr.ru,kz1,True
http://government.ru,at1,False
http://government.ru,kz1,False
http://government.ru,ru1,False
http://government.ru,ua2,False
http://government.ru,ru2,False
http://government.ru,us2,False
http://government.ru,lt1,False
http://government.ru,ir1,False
http://government.ru,hk1,False
http://government.ru,md1,False
http://government.ru,de4,False
http://government.ru,ca1,False
http://government.ru,nl1,False
http://government.ru,it2,False
http://government.ru,ua1,False
http://government.ru,au1,False
http://government.ru,ch1,False
http://government.ru,fr2,False
http://government.ru,tr1,False
http://government.ru,us1,False
http://government.ru,pt1,False
http://gsdsd-dnr.ru,ca1,True
http://gsdsd-dnr.ru,nl1,True
http://gsdsd-dnr.ru,it2,True
http://gsdsd-dnr.ru,ua1,True
http://gsdsd-dnr.ru,de4,True
http://gsdsd-dnr.ru,pt1,True
http://gsdsd-dnr.ru,fr2,True
http://gsdsd-dnr.ru,tr1,True
http://gsdsd-dnr.ru,us1,True
http://gsdsd-dnr.ru,ch1,True
http://gsdsd-dnr.ru,au1,True
http://gsdsd-dnr.ru,ru2,True
http://gsdsd-dnr.ru,ua2,True
http://gsdsd-dnr.ru,ru1,True
http://gsdsd-dnr.ru,kz1,True
http://gsdsd-dnr.ru,at1,True
http://gsdsd-dnr.ru,md1,True
http://gsdsd-dnr.ru,ir1,True
http://gsdsd-dnr.ru,hk1,True
http://gsdsd-dnr.ru,us2,True
http://gsdsd-dnr.ru,lt1,True
http://international.council.gov.ru,at1,False
http://international.council.gov.ru,kz1,False
http://international.council.gov.ru,ru1,False
http://international.council.gov.ru,ua2,False
http://international.council.gov.ru,ru2,False
http://international.council.gov.ru,us2,False
http://international.council.gov.ru,lt1,False
http://international.council.gov.ru,ir1,False
http://international.council.gov.ru,hk1,False
http://international.council.gov.ru,md1,False
http://international.council.gov.ru,de4,False
http://international.council.gov.ru,nl1,False
http://international.council.gov.ru,it2,False
http://international.council.gov.ru,ca1,False
http://international.council.gov.ru,ua1,False
http://international.council.gov.ru,au1,False
http://international.council.gov.ru,ch1,False
http://international.council.gov.ru,tr1,False
http://international.council.gov.ru,fr2,False
http://international.council.gov.ru,us1,False
http://international.council.gov.ru,pt1,False
http://izpp.govdnr.ru,us1,True
http://izpp.govdnr.ru,tr1,True
http://izpp.govdnr.ru,fr2,True
http://izpp.govdnr.ru,pt1,True
http://izpp.govdnr.ru,au1,True
http://izpp.govdnr.ru,ch1,True
http://izpp.govdnr.ru,de4,True
http://izpp.govdnr.ru,ua1,True
http://izpp.govdnr.ru,nl1,True
http://izpp.govdnr.ru,it2,True
http://izpp.govdnr.ru,ca1,True
http://izpp.govdnr.ru,md1,True
http://izpp.govdnr.ru,lt1,True
http://izpp.govdnr.ru,us2,True
http://izpp.govdnr.ru,hk1,True
http://izpp.govdnr.ru,ir1,True
http://izpp.govdnr.ru,ua2,True
http://izpp.govdnr.ru,ru2,True
http://izpp.govdnr.ru,kz1,True
http://izpp.govdnr.ru,at1,True
http://izpp.govdnr.ru,ru1,True
http://kaznadnr.ru,hk1,True
http://kaznadnr.ru,ir1,True
http://kaznadnr.ru,us2,True
http://kaznadnr.ru,lt1,True
http://kaznadnr.ru,md1,True
http://kaznadnr.ru,ru1,True
http://kaznadnr.ru,at1,True
http://kaznadnr.ru,kz1,True
http://kaznadnr.ru,ru2,True
http://kaznadnr.ru,ua2,True
http://kaznadnr.ru,ch1,True
http://kaznadnr.ru,au1,True
http://kaznadnr.ru,pt1,True
http://kaznadnr.ru,tr1,True
http://kaznadnr.ru,fr2,True
http://kaznadnr.ru,us1,True
http://kaznadnr.ru,it2,True
http://kaznadnr.ru,nl1,True
http://kaznadnr.ru,ca1,True
http://kaznadnr.ru,ua1,False
http://kaznadnr.ru,de4,True
http://khartsyzsk.ugletele.com,ua2,True
http://khartsyzsk.ugletele.com,ru2,True
http://khartsyzsk.ugletele.com,kz1,True
http://khartsyzsk.ugletele.com,at1,True
http://khartsyzsk.ugletele.com,ru1,True
http://khartsyzsk.ugletele.com,md1,True
http://khartsyzsk.ugletele.com,us2,True
http://khartsyzsk.ugletele.com,lt1,True
http://khartsyzsk.ugletele.com,ir1,True
http://khartsyzsk.ugletele.com,hk1,True
http://khartsyzsk.ugletele.com,de4,True
http://khartsyzsk.ugletele.com,ca1,True
http://khartsyzsk.ugletele.com,nl1,True
http://khartsyzsk.ugletele.com,it2,True
http://khartsyzsk.ugletele.com,ua1,False
http://khartsyzsk.ugletele.com,tr1,True
http://khartsyzsk.ugletele.com,fr2,True
http://khartsyzsk.ugletele.com,us1,True
http://khartsyzsk.ugletele.com,pt1,True
http://khartsyzsk.ugletele.com,au1,True
http://khartsyzsk.ugletele.com,ch1,True
http://kirovskoe.ugletele.com,ca1,True
http://kirovskoe.ugletele.com,it2,True
http://kirovskoe.ugletele.com,nl1,True
http://kirovskoe.ugletele.com,ua1,False
http://kirovskoe.ugletele.com,de4,True
http://kirovskoe.ugletele.com,pt1,True
http://kirovskoe.ugletele.com,fr2,True
http://kirovskoe.ugletele.com,tr1,True
http://kirovskoe.ugletele.com,us1,True
http://kirovskoe.ugletele.com,ch1,True
http://kirovskoe.ugletele.com,au1,True
http://kirovskoe.ugletele.com,ru2,True
http://kirovskoe.ugletele.com,ua2,True
http://kirovskoe.ugletele.com,ru1,True
http://kirovskoe.ugletele.com,kz1,True
http://kirovskoe.ugletele.com,at1,True
http://kirovskoe.ugletele.com,md1,True
http://kirovskoe.ugletele.com,ir1,True
http://kirovskoe.ugletele.com,hk1,True
http://kirovskoe.ugletele.com,us2,True
http://kirovskoe.ugletele.com,lt1,True
http://kremlin.ru,ir1,False
http://kremlin.ru,hk1,False
http://kremlin.ru,lt1,False
http://kremlin.ru,us2,False
http://kremlin.ru,md1,False
http://kremlin.ru,ru1,False
http://kremlin.ru,at1,False
http://kremlin.ru,kz1,False
http://kremlin.ru,ru2,False
http://kremlin.ru,ua2,False
http://kremlin.ru,ch1,False
http://kremlin.ru,au1,False
http://kremlin.ru,pt1,False
http://kremlin.ru,us1,False
http://kremlin.ru,fr2,False
http://kremlin.ru,tr1,False
http://kremlin.ru,ua1,False
http://kremlin.ru,it2,False
http://kremlin.ru,nl1,False
http://kremlin.ru,ca1,False
http://kremlin.ru,de4,False
http://kremlin.ru/events/president/news,ch1,False
http://kremlin.ru/events/president/news,au1,False
http://kremlin.ru/events/president/news,pt1,False
http://kremlin.ru/events/president/news,fr2,False
http://kremlin.ru/events/president/news,tr1,False
http://kremlin.ru/events/president/news,us1,False
http://kremlin.ru/events/president/news,it2,False
http://kremlin.ru/events/president/news,ca1,False
http://kremlin.ru/events/president/news,nl1,False
http://kremlin.ru/events/president/news,ua1,False
http://kremlin.ru/events/president/news,de4,False
http://kremlin.ru/events/president/news,hk1,False
http://kremlin.ru/events/president/news,ir1,False
http://kremlin.ru/events/president/news,us2,False
http://kremlin.ru/events/president/news,lt1,False
http://kremlin.ru/events/president/news,md1,False
http://kremlin.ru/events/president/news,ru1,False
http://kremlin.ru/events/president/news,kz1,False
http://kremlin.ru/events/president/news,at1,False
http://kremlin.ru/events/president/news,ru2,False
http://kremlin.ru/events/president/news,ua2,False
http://kremlin.ru/structure/administration,au1,False
http://kremlin.ru/structure/administration,ch1,False
http://kremlin.ru/structure/administration,us1,False
http://kremlin.ru/structure/administration,tr1,False
http://kremlin.ru/structure/administration,fr2,False
http://kremlin.ru/structure/administration,pt1,False
http://kremlin.ru/structure/administration,de4,False
http://kremlin.ru/structure/administration,ua1,False
http://kremlin.ru/structure/administration,nl1,False
http://kremlin.ru/structure/administration,ca1,False
http://kremlin.ru/structure/administration,it2,False
http://kremlin.ru/structure/administration,lt1,False
http://kremlin.ru/structure/administration,us2,False
http://kremlin.ru/structure/administration,ir1,False
http://kremlin.ru/structure/administration,hk1,False
http://kremlin.ru/structure/administration,md1,False
http://kremlin.ru/structure/administration,kz1,False
http://kremlin.ru/structure/administration,at1,False
http://kremlin.ru/structure/administration,ru1,True
http://kremlin.ru/structure/administration,ua2,False
http://kremlin.ru/structure/administration,ru2,False
http://legislation.council.gov.ru,hk1,False
http://legislation.council.gov.ru,ir1,False
http://legislation.council.gov.ru,us2,False
http://legislation.council.gov.ru,lt1,False
http://legislation.council.gov.ru,md1,False
http://legislation.council.gov.ru,ru1,False
http://legislation.council.gov.ru,at1,False
http://legislation.council.gov.ru,kz1,False
http://legislation.council.gov.ru,ru2,False
http://legislation.council.gov.ru,ua2,False
http://legislation.council.gov.ru,ch1,False
http://legislation.council.gov.ru,au1,False
http://legislation.council.gov.ru,pt1,False
http://legislation.council.gov.ru,fr2,False
http://legislation.council.gov.ru,tr1,False
http://legislation.council.gov.ru,us1,False
http://legislation.council.gov.ru,nl1,False
http://legislation.council.gov.ru,it2,False
http://legislation.council.gov.ru,ca1,False
http://legislation.council.gov.ru,ua1,False
http://legislation.council.gov.ru,de4,False
http://life.ru,pt1,True
http://life.ru,us1,True
http://life.ru,tr1,True
http://life.ru,fr2,True
http://life.ru,ch1,True
http://life.ru,au1,True
http://life.ru,ua1,True
http://life.ru,nl1,True
http://life.ru,ca1,True
http://life.ru,it2,True
http://life.ru,de4,True
http://life.ru,md1,True
http://life.ru,hk1,True
http://life.ru,ir1,False
http://life.ru,lt1,True
http://life.ru,us2,True
http://life.ru,ru2,True
http://life.ru,ua2,True
http://life.ru,ru1,True
http://life.ru,kz1,True
http://life.ru,at1,True
http://makeyevka.ru,ru2,True
http://makeyevka.ru,ua2,True
http://makeyevka.ru,ru1,True
http://makeyevka.ru,kz1,True
http://makeyevka.ru,at1,True
http://makeyevka.ru,md1,True
http://makeyevka.ru,ir1,True
http://makeyevka.ru,hk1,True
http://makeyevka.ru,us2,True
http://makeyevka.ru,lt1,True
http://makeyevka.ru,it2,True
http://makeyevka.ru,nl1,True
http://makeyevka.ru,ca1,True
http://makeyevka.ru,ua1,True
http://makeyevka.ru,de4,True
http://makeyevka.ru,pt1,True
http://makeyevka.ru,fr2,True
http://makeyevka.ru,tr1,True
http://makeyevka.ru,us1,True
http://makeyevka.ru,ch1,True
http://makeyevka.ru,au1,True
http://mcxdnr.ru,hk1,True
http://mcxdnr.ru,ir1,True
http://mcxdnr.ru,lt1,True
http://mcxdnr.ru,us2,True
http://mcxdnr.ru,md1,True
http://mcxdnr.ru,ru1,True
http://mcxdnr.ru,kz1,True
http://mcxdnr.ru,at1,True
http://mcxdnr.ru,ru2,True
http://mcxdnr.ru,ua2,True
http://mcxdnr.ru,ch1,True
http://mcxdnr.ru,au1,True
http://mcxdnr.ru,pt1,True
http://mcxdnr.ru,us1,True
http://mcxdnr.ru,tr1,True
http://mcxdnr.ru,fr2,True
http://mcxdnr.ru,ua1,False
http://mcxdnr.ru,it2,True
http://mcxdnr.ru,nl1,True
http://mcxdnr.ru,ca1,True
http://mcxdnr.ru,de4,True
http://mdsdnr.ru,nl1,True
http://mdsdnr.ru,ca1,True
http://mdsdnr.ru,it2,True
http://mdsdnr.ru,ua1,True
http://mdsdnr.ru,de4,True
http://mdsdnr.ru,pt1,True
http://mdsdnr.ru,tr1,True
http://mdsdnr.ru,fr2,True
http://mdsdnr.ru,us1,True
http://mdsdnr.ru,ch1,True
http://mdsdnr.ru,au1,True
http://mdsdnr.ru,ru2,True
http://mdsdnr.ru,ua2,True
http://mdsdnr.ru,ru1,True
http://mdsdnr.ru,kz1,True
http://mdsdnr.ru,at1,True
http://mdsdnr.ru,md1,True
http://mdsdnr.ru,hk1,True
http://mdsdnr.ru,ir1,True
http://mdsdnr.ru,us2,True
http://mdsdnr.ru,lt1,True
http://mer.govdnr.ru,pt1,True
http://mer.govdnr.ru,fr2,True
http://mer.govdnr.ru,tr1,True
http://mer.govdnr.ru,us1,True
http://mer.govdnr.ru,ch1,True
http://mer.govdnr.ru,au1,True
http://mer.govdnr.ru,ca1,True
http://mer.govdnr.ru,nl1,True
http://mer.govdnr.ru,it2,True
http://mer.govdnr.ru,ua1,True
http://mer.govdnr.ru,de4,True
http://mer.govdnr.ru,md1,True
http://mer.govdnr.ru,ir1,True
http://mer.govdnr.ru,hk1,True
http://mer.govdnr.ru,us2,True
http://mer.govdnr.ru,lt1,True
http://mer.govdnr.ru,ru2,True
http://mer.govdnr.ru,ua2,True
http://mer.govdnr.ru,ru1,True
http://mer.govdnr.ru,kz1,True
http://mer.govdnr.ru,at1,True
http://mincult.govdnr.ru,de4,True
http://mincult.govdnr.ru,ua1,False
http://mincult.govdnr.ru,nl1,True
http://mincult.govdnr.ru,ca1,True
http://mincult.govdnr.ru,it2,True
http://mincult.govdnr.ru,au1,True
http://mincult.govdnr.ru,ch1,True
http://mincult.govdnr.ru,us1,True
http://mincult.govdnr.ru,fr2,True
http://mincult.govdnr.ru,tr1,True
http://mincult.govdnr.ru,pt1,True
http://mincult.govdnr.ru,kz1,True
http://mincult.govdnr.ru,at1,True
http://mincult.govdnr.ru,ru1,True
http://mincult.govdnr.ru,ua2,True
http://mincult.govdnr.ru,ru2,True
http://mincult.govdnr.ru,lt1,True
http://mincult.govdnr.ru,us2,True
http://mincult.govdnr.ru,hk1,True
http://mincult.govdnr.ru,ir1,True
http://mincult.govdnr.ru,md1,True
http://minfindnr.ru,ua2,False
http://minfindnr.ru,ru2,True
http://minfindnr.ru,at1,True
http://minfindnr.ru,kz1,True
http://minfindnr.ru,ru1,True
http://minfindnr.ru,md1,True
http://minfindnr.ru,us2,True
http://minfindnr.ru,lt1,True
http://minfindnr.ru,ir1,True
http://minfindnr.ru,hk1,True
http://minfindnr.ru,de4,True
http://minfindnr.ru,nl1,True
http://minfindnr.ru,it2,True
http://minfindnr.ru,ca1,True
http://minfindnr.ru,ua1,True
http://minfindnr.ru,fr2,True
http://minfindnr.ru,tr1,True
http://minfindnr.ru,us1,True
http://minfindnr.ru,pt1,True
http://minfindnr.ru,au1,True
http://minfindnr.ru,ch1,True
http://minjust-dnr.ru,pt1,True
http://minjust-dnr.ru,tr1,True
http://minjust-dnr.ru,fr2,True
http://minjust-dnr.ru,us1,True
http://minjust-dnr.ru,ch1,True
http://minjust-dnr.ru,au1,False
http://minjust-dnr.ru,nl1,True
http://minjust-dnr.ru,it2,True
http://minjust-dnr.ru,ca1,True
http://minjust-dnr.ru,ua1,True
http://minjust-dnr.ru,de4,True
http://minjust-dnr.ru,md1,True
http://minjust-dnr.ru,hk1,True
http://minjust-dnr.ru,ir1,True
http://minjust-dnr.ru,us2,True
http://minjust-dnr.ru,lt1,True
http://minjust-dnr.ru,ru2,True
http://minjust-dnr.ru,ua2,True
http://minjust-dnr.ru,ru1,True
http://minjust-dnr.ru,kz1,True
http://minjust-dnr.ru,at1,True
http://minstroy-dnr.ru,md1,True
http://minstroy-dnr.ru,us2,True
http://minstroy-dnr.ru,lt1,True
http://minstroy-dnr.ru,hk1,True
http://minstroy-dnr.ru,ir1,True
http://minstroy-dnr.ru,ua2,True
http://minstroy-dnr.ru,ru2,True
http://minstroy-dnr.ru,kz1,True
http://minstroy-dnr.ru,at1,True
http://minstroy-dnr.ru,ru1,True
http://minstroy-dnr.ru,tr1,True
http://minstroy-dnr.ru,fr2,True
http://minstroy-dnr.ru,us1,True
http://minstroy-dnr.ru,pt1,True
http://minstroy-dnr.ru,au1,True
http://minstroy-dnr.ru,ch1,True
http://minstroy-dnr.ru,de4,True
http://minstroy-dnr.ru,nl1,True
http://minstroy-dnr.ru,it2,True
http://minstroy-dnr.ru,ca1,True
http://minstroy-dnr.ru,ua1,False
http://mintek-dnr.ru,de4,True
http://mintek-dnr.ru,nl1,True
http://mintek-dnr.ru,ca1,True
http://mintek-dnr.ru,it2,True
http://mintek-dnr.ru,ua1,False
http://mintek-dnr.ru,au1,True
http://mintek-dnr.ru,ch1,True
http://mintek-dnr.ru,fr2,True
http://mintek-dnr.ru,tr1,True
http://mintek-dnr.ru,us1,True
http://mintek-dnr.ru,pt1,True
http://mintek-dnr.ru,at1,True
http://mintek-dnr.ru,kz1,True
http://mintek-dnr.ru,ru1,True
http://mintek-dnr.ru,ua2,True
http://mintek-dnr.ru,ru2,True
http://mintek-dnr.ru,us2,True
http://mintek-dnr.ru,lt1,True
http://mintek-dnr.ru,ir1,True
http://mintek-dnr.ru,hk1,True
http://mintek-dnr.ru,md1,True
http://mrespublika.ru,us1,True
http://mrespublika.ru,tr1,True
http://mrespublika.ru,fr2,True
http://mrespublika.ru,pt1,True
http://mrespublika.ru,au1,True
http://mrespublika.ru,ch1,True
http://mrespublika.ru,de4,True
http://mrespublika.ru,ua1,True
http://mrespublika.ru,nl1,True
http://mrespublika.ru,ca1,True
http://mrespublika.ru,it2,True
http://mrespublika.ru,md1,True
http://mrespublika.ru,lt1,True
http://mrespublika.ru,us2,True
http://mrespublika.ru,ir1,True
http://mrespublika.ru,hk1,True
http://mrespublika.ru,ua2,True
http://mrespublika.ru,ru2,True
http://mrespublika.ru,at1,True
http://mrespublika.ru,kz1,True
http://mrespublika.ru,ru1,True
http://mtspdnr.ru,de4,True
http://mtspdnr.ru,ua1,False
http://mtspdnr.ru,nl1,True
http://mtspdnr.ru,it2,True
http://mtspdnr.ru,ca1,True
http://mtspdnr.ru,us1,True
http://mtspdnr.ru,fr2,True
http://mtspdnr.ru,tr1,True
http://mtspdnr.ru,pt1,True
http://mtspdnr.ru,au1,True
http://mtspdnr.ru,ch1,True
http://mtspdnr.ru,ua2,True
http://mtspdnr.ru,ru2,True
http://mtspdnr.ru,at1,True
http://mtspdnr.ru,kz1,True
http://mtspdnr.ru,ru1,True
http://mtspdnr.ru,md1,True
http://mtspdnr.ru,lt1,True
http://mtspdnr.ru,us2,True
http://mtspdnr.ru,ir1,True
http://mtspdnr.ru,hk1,True
http://mzdnr.ru,nl1,True
http://mzdnr.ru,it2,True
http://mzdnr.ru,ca1,True
http://mzdnr.ru,ua1,True
http://mzdnr.ru,de4,True
http://mzdnr.ru,pt1,True
http://mzdnr.ru,fr2,True
http://mzdnr.ru,tr1,True
http://mzdnr.ru,us1,True
http://mzdnr.ru,ch1,True
http://mzdnr.ru,au1,True
http://mzdnr.ru,ru2,True
http://mzdnr.ru,ua2,True
http://mzdnr.ru,ru1,True
http://mzdnr.ru,kz1,True
http://mzdnr.ru,at1,True
http://mzdnr.ru,md1,True
http://mzdnr.ru,ir1,True
http://mzdnr.ru,hk1,True
http://mzdnr.ru,us2,True
http://mzdnr.ru,lt1,True
http://novoaz-adm.3dn.ru,md1,True
http://novoaz-adm.3dn.ru,ir1,False
http://novoaz-adm.3dn.ru,hk1,True
http://novoaz-adm.3dn.ru,us2,True
http://novoaz-adm.3dn.ru,lt1,True
http://novoaz-adm.3dn.ru,ru2,True
http://novoaz-adm.3dn.ru,ua2,True
http://novoaz-adm.3dn.ru,ru1,True
http://novoaz-adm.3dn.ru,kz1,True
http://novoaz-adm.3dn.ru,at1,True
http://novoaz-adm.3dn.ru,pt1,True
http://novoaz-adm.3dn.ru,fr2,True
http://novoaz-adm.3dn.ru,tr1,True
http://novoaz-adm.3dn.ru,us1,True
http://novoaz-adm.3dn.ru,ch1,True
http://novoaz-adm.3dn.ru,au1,True
http://novoaz-adm.3dn.ru,it2,True
http://novoaz-adm.3dn.ru,nl1,True
http://novoaz-adm.3dn.ru,ca1,True
http://novoaz-adm.3dn.ru,ua1,False
http://novoaz-adm.3dn.ru,de4,True
http://nslnr.su,md1,True
http://nslnr.su,us2,True
http://nslnr.su,lt1,True
http://nslnr.su,hk1,True
http://nslnr.su,ir1,True
http://nslnr.su,ua2,True
http://nslnr.su,ru2,True
http://nslnr.su,at1,True
http://nslnr.su,kz1,True
http://nslnr.su,ru1,True
http://nslnr.su,fr2,True
http://nslnr.su,tr1,True
http://nslnr.su,us1,True
http://nslnr.su,pt1,True
http://nslnr.su,au1,True
http://nslnr.su,ch1,True
http://nslnr.su,de4,True
http://nslnr.su,ca1,True
http://nslnr.su,it2,True
http://nslnr.su,nl1,True
http://nslnr.su,ua1,False
http://odsd.ru,ua2,True
http://odsd.ru,ru2,True
http://odsd.ru,kz1,True
http://odsd.ru,at1,True
http://odsd.ru,ru1,True
http://odsd.ru,md1,True
http://odsd.ru,lt1,True
http://odsd.ru,us2,True
http://odsd.ru,ir1,True
http://odsd.ru,hk1,True
http://odsd.ru,de4,True
http://odsd.ru,ua1,True
http://odsd.ru,ca1,True
http://odsd.ru,nl1,True
http://odsd.ru,it2,True
http://odsd.ru,us1,True
http://odsd.ru,fr2,True
http://odsd.ru,tr1,True
http://odsd.ru,pt1,True
http://odsd.ru,au1,True
http://odsd.ru,ch1,True
http://ombudsmandnr.ru,md1,True
http://ombudsmandnr.ru,hk1,False
http://ombudsmandnr.ru,ir1,True
http://ombudsmandnr.ru,lt1,False
http://ombudsmandnr.ru,us2,True
http://ombudsmandnr.ru,ru2,True
http://ombudsmandnr.ru,ua2,True
http://ombudsmandnr.ru,ru1,True
http://ombudsmandnr.ru,at1,True
http://ombudsmandnr.ru,kz1,True
http://ombudsmandnr.ru,pt1,False
http://ombudsmandnr.ru,us1,True
http://ombudsmandnr.ru,fr2,True
http://ombudsmandnr.ru,tr1,True
http://ombudsmandnr.ru,ch1,True
http://ombudsmandnr.ru,au1,True
http://ombudsmandnr.ru,ua1,False
http://ombudsmandnr.ru,nl1,True
http://ombudsmandnr.ru,it2,True
http://ombudsmandnr.ru,ca1,True
http://ombudsmandnr.ru,de4,True
http://pfdnr.ru,au1,True
http://pfdnr.ru,ch1,True
http://pfdnr.ru,us1,True
http://pfdnr.ru,fr2,True
http://pfdnr.ru,tr1,True
http://pfdnr.ru,pt1,True
http://pfdnr.ru,de4,True
http://pfdnr.ru,ua1,False
http://pfdnr.ru,nl1,True
http://pfdnr.ru,it2,True
http://pfdnr.ru,ca1,True
http://pfdnr.ru,lt1,True
http://pfdnr.ru,us2,True
http://pfdnr.ru,hk1,True
http://pfdnr.ru,ir1,True
http://pfdnr.ru,md1,True
http://pfdnr.ru,kz1,True
http://pfdnr.ru,at1,True
http://pfdnr.ru,ru1,True
http://pfdnr.ru,ua2,True
http://pfdnr.ru,ru2,True
http://president-sovet.ru,au1,True
http://president-sovet.ru,ch1,True
http://president-sovet.ru,us1,True
http://president-sovet.ru,fr2,True
http://president-sovet.ru,tr1,True
http://president-sovet.ru,pt1,True
http://president-sovet.ru,de4,True
http://president-sovet.ru,ua1,True
http://president-sovet.ru,nl1,True
http://president-sovet.ru,it2,True
http://president-sovet.ru,ca1,True
http://president-sovet.ru,lt1,True
http://president-sovet.ru,us2,True
http://president-sovet.ru,ir1,True
http://president-sovet.ru,hk1,True
http://president-sovet.ru,md1,True
http://president-sovet.ru,at1,True
http://president-sovet.ru,kz1,True
http://president-sovet.ru,ru1,True
http://president-sovet.ru,ua2,True
http://president-sovet.ru,ru2,True
http://region.council.gov.ru,ch1,False
http://region.council.gov.ru,au1,False
http://region.council.gov.ru,pt1,True
http://region.council.gov.ru,us1,True
http://region.council.gov.ru,fr2,True
http://region.council.gov.ru,tr1,False
http://region.council.gov.ru,ua1,False
http://region.council.gov.ru,ca1,False
http://region.council.gov.ru,it2,True
http://region.council.gov.ru,nl1,False
http://region.council.gov.ru,de4,False
http://region.council.gov.ru,ir1,False
http://region.council.gov.ru,hk1,False
http://region.council.gov.ru,lt1,False
http://region.council.gov.ru,us2,True
http://region.council.gov.ru,md1,False
http://region.council.gov.ru,ru1,False
http://region.council.gov.ru,kz1,False
http://region.council.gov.ru,at1,True
http://region.council.gov.ru,ru2,False
http://region.council.gov.ru,ua2,False
http://postdonbass.com,ua1,False
http://postdonbass.com,it2,True
http://postdonbass.com,nl1,True
http://postdonbass.com,ca1,True
http://postdonbass.com,de4,True
http://postdonbass.com,pt1,True
http://postdonbass.com,us1,True
http://postdonbass.com,tr1,True
http://postdonbass.com,fr2,True
http://postdonbass.com,ch1,True
http://postdonbass.com,au1,True
http://postdonbass.com,ru2,True
http://postdonbass.com,ua2,True
http://postdonbass.com,ru1,True
http://postdonbass.com,kz1,True
http://postdonbass.com,at1,True
http://postdonbass.com,md1,True
http://postdonbass.com,hk1,True
http://postdonbass.com,ir1,True
http://postdonbass.com,lt1,True
http://postdonbass.com,us2,True
http://reglament.council.gov.ru,md1,True
http://reglament.council.gov.ru,hk1,False
http://reglament.council.gov.ru,ir1,False
http://reglament.council.gov.ru,lt1,False
http://reglament.council.gov.ru,us2,True
http://reglament.council.gov.ru,ru2,False
http://reglament.council.gov.ru,ua2,True
http://reglament.council.gov.ru,ru1,False
http://reglament.council.gov.ru,kz1,False
http://reglament.council.gov.ru,at1,True
http://reglament.council.gov.ru,pt1,True
http://reglament.council.gov.ru,us1,True
http://reglament.council.gov.ru,fr2,True
http://reglament.council.gov.ru,tr1,False
http://reglament.council.gov.ru,ch1,True
http://reglament.council.gov.ru,au1,False
http://reglament.council.gov.ru,ua1,True
http://reglament.council.gov.ru,it2,False
http://reglament.council.gov.ru,nl1,False
http://reglament.council.gov.ru,ca1,False
http://reglament.council.gov.ru,de4,True
http://republic-tv.ru,pt1,True
http://republic-tv.ru,us1,True
http://republic-tv.ru,tr1,True
http://republic-tv.ru,fr2,True
http://republic-tv.ru,ch1,True
http://republic-tv.ru,au1,False
http://republic-tv.ru,ua1,True
http://republic-tv.ru,ca1,True
http://republic-tv.ru,nl1,True
http://republic-tv.ru,it2,True
http://republic-tv.ru,de4,True
http://republic-tv.ru,md1,True
http://republic-tv.ru,ir1,True
http://republic-tv.ru,hk1,True
http://republic-tv.ru,lt1,True
http://republic-tv.ru,us2,True
http://republic-tv.ru,ru2,True
http://republic-tv.ru,ua2,True
http://republic-tv.ru,ru1,True
http://republic-tv.ru,at1,True
http://republic-tv.ru,kz1,True
http://ritualdnr.ru,de4,True
http://ritualdnr.ru,it2,True
http://ritualdnr.ru,nl1,True
http://ritualdnr.ru,ca1,True
http://ritualdnr.ru,ua1,True
http://ritualdnr.ru,fr2,False
http://ritualdnr.ru,tr1,True
http://ritualdnr.ru,us1,True
http://ritualdnr.ru,pt1,True
http://ritualdnr.ru,au1,True
http://ritualdnr.ru,ch1,True
http://ritualdnr.ru,ua2,True
http://ritualdnr.ru,ru2,True
http://ritualdnr.ru,at1,True
http://ritualdnr.ru,kz1,True
http://ritualdnr.ru,ru1,True
http://ritualdnr.ru,md1,True
http://ritualdnr.ru,us2,True
http://ritualdnr.ru,lt1,True
http://ritualdnr.ru,ir1,True
http://ritualdnr.ru,hk1,True
http://rst-dnr.ru,ir1,False
http://rst-dnr.ru,hk1,False
http://rst-dnr.ru,lt1,False
http://rst-dnr.ru,us2,False
http://rst-dnr.ru,md1,False
http://rst-dnr.ru,ru1,False
http://rst-dnr.ru,at1,False
http://rst-dnr.ru,kz1,False
http://rst-dnr.ru,ru2,False
http://rst-dnr.ru,ua2,False
http://rst-dnr.ru,ch1,False
http://rst-dnr.ru,au1,False
http://rst-dnr.ru,pt1,False
http://rst-dnr.ru,us1,False
http://rst-dnr.ru,fr2,False
http://rst-dnr.ru,tr1,False
http://rst-dnr.ru,ua1,False
http://rst-dnr.ru,nl1,False
http://rst-dnr.ru,ca1,False
http://rst-dnr.ru,it2,False
http://rst-dnr.ru,de4,False
http://rttcdnr.ru,md1,True
http://rttcdnr.ru,us2,True
http://rttcdnr.ru,lt1,True
http://rttcdnr.ru,ir1,True
http://rttcdnr.ru,hk1,True
http://rttcdnr.ru,ua2,True
http://rttcdnr.ru,ru2,True
http://rttcdnr.ru,kz1,True
http://rttcdnr.ru,at1,True
http://rttcdnr.ru,ru1,True
http://rttcdnr.ru,fr2,False
http://rttcdnr.ru,tr1,True
http://rttcdnr.ru,us1,True
http://rttcdnr.ru,pt1,True
http://rttcdnr.ru,au1,True
http://rttcdnr.ru,ch1,True
http://rttcdnr.ru,de4,True
http://rttcdnr.ru,nl1,True
http://rttcdnr.ru,ca1,True
http://rttcdnr.ru,it2,True
http://rttcdnr.ru,ua1,False
http://science.council.gov.ru,ru2,False
http://science.council.gov.ru,ua2,False
http://science.council.gov.ru,ru1,False
http://science.council.gov.ru,at1,True
http://science.council.gov.ru,kz1,False
http://science.council.gov.ru,md1,False
http://science.council.gov.ru,hk1,False
http://science.council.gov.ru,ir1,True
http://science.council.gov.ru,lt1,False
http://science.council.gov.ru,us2,True
http://science.council.gov.ru,ua1,False
http://science.council.gov.ru,nl1,False
http://science.council.gov.ru,it2,False
http://science.council.gov.ru,ca1,True
http://science.council.gov.ru,de4,True
http://science.council.gov.ru,pt1,True
http://science.council.gov.ru,us1,False
http://science.council.gov.ru,tr1,False
http://science.council.gov.ru,fr2,False
http://science.council.gov.ru,ch1,True
http://science.council.gov.ru,au1,False
http://social.council.gov.ru,at1,True
http://social.council.gov.ru,kz1,False
http://social.council.gov.ru,ru1,False
http://social.council.gov.ru,ua2,False
http://social.council.gov.ru,ru2,False
http://social.council.gov.ru,us2,True
http://social.council.gov.ru,lt1,True
http://social.council.gov.ru,ir1,False
http://social.council.gov.ru,hk1,False
http://social.council.gov.ru,md1,False
http://social.council.gov.ru,de4,True
http://social.council.gov.ru,nl1,False
http://social.council.gov.ru,ca1,False
http://social.council.gov.ru,it2,True
http://social.council.gov.ru,ua1,False
http://social.council.gov.ru,au1,False
http://social.council.gov.ru,ch1,False
http://social.council.gov.ru,fr2,False
http://social.council.gov.ru,tr1,False
http://social.council.gov.ru,us1,True
http://social.council.gov.ru,pt1,False
http://sovetnational.ru,ua1,True
http://sovetnational.ru,nl1,True
http://sovetnational.ru,ca1,True
http://sovetnational.ru,it2,True
http://sovetnational.ru,de4,True
http://sovetnational.ru,pt1,True
http://sovetnational.ru,us1,True
http://sovetnational.ru,fr2,True
http://sovetnational.ru,tr1,True
http://sovetnational.ru,ch1,True
http://sovetnational.ru,au1,True
http://sovetnational.ru,ru2,True
http://sovetnational.ru,ua2,True
http://sovetnational.ru,ru1,True
http://sovetnational.ru,at1,True
http://sovetnational.ru,kz1,True
http://sovetnational.ru,md1,True
http://sovetnational.ru,ir1,True
http://sovetnational.ru,hk1,True
http://sovetnational.ru,lt1,True
http://sovetnational.ru,us2,True
http://starobeshevo.usite.pro,ru1,True
http://starobeshevo.usite.pro,at1,True
http://starobeshevo.usite.pro,kz1,True
http://starobeshevo.usite.pro,ru2,True
http://starobeshevo.usite.pro,ua2,True
http://starobeshevo.usite.pro,ir1,True
http://starobeshevo.usite.pro,hk1,True
http://starobeshevo.usite.pro,us2,True
http://starobeshevo.usite.pro,lt1,True
http://starobeshevo.usite.pro,md1,True
http://starobeshevo.usite.pro,nl1,True
http://starobeshevo.usite.pro,it2,True
http://starobeshevo.usite.pro,ca1,True
http://starobeshevo.usite.pro,ua1,False
http://starobeshevo.usite.pro,de4,True
http://starobeshevo.usite.pro,ch1,True
http://starobeshevo.usite.pro,au1,True
http://starobeshevo.usite.pro,pt1,True
http://starobeshevo.usite.pro,tr1,True
http://starobeshevo.usite.pro,fr2,True
http://starobeshevo.usite.pro,us1,True
http://upvdnr.ru,de4,True
http://upvdnr.ru,ca1,True
http://upvdnr.ru,nl1,True
http://upvdnr.ru,it2,True
http://upvdnr.ru,ua1,False
http://upvdnr.ru,tr1,True
http://upvdnr.ru,fr2,True
http://upvdnr.ru,us1,True
http://upvdnr.ru,pt1,True
http://upvdnr.ru,au1,True
http://upvdnr.ru,ch1,True
http://upvdnr.ru,ua2,True
http://upvdnr.ru,ru2,True
http://upvdnr.ru,at1,True
http://upvdnr.ru,kz1,True
http://upvdnr.ru,ru1,True
http://upvdnr.ru,md1,True
http://upvdnr.ru,us2,True
http://upvdnr.ru,lt1,True
http://upvdnr.ru,hk1,True
http://upvdnr.ru,ir1,True
http://vk.com,nl1,True
http://vk.com,it2,True
http://vk.com,ca1,True
http://vk.com,ua1,False
http://vk.com,de4,True
http://vk.com,pt1,True
http://vk.com,fr2,True
http://vk.com,tr1,True
http://vk.com,us1,True
http://vk.com,ch1,True
http://vk.com,au1,True
http://vk.com,ru2,True
http://vk.com,ua2,True
http://vk.com,ru1,True
http://vk.com,kz1,True
http://vk.com,at1,True
http://vk.com,md1,True
http://vk.com,hk1,True
http://vk.com,ir1,False
http://vk.com,us2,True
http://vk.com,lt1,True
http://voroshilovka.ru,ua1,False
http://voroshilovka.ru,ca1,True
http://voroshilovka.ru,nl1,True
http://voroshilovka.ru,it2,True
http://voroshilovka.ru,de4,True
http://voroshilovka.ru,ch1,True
http://voroshilovka.ru,au1,True
http://voroshilovka.ru,pt1,True
http://voroshilovka.ru,us1,True
http://voroshilovka.ru,tr1,True
http://voroshilovka.ru,fr2,True
http://voroshilovka.ru,ru1,True
http://voroshilovka.ru,at1,True
http://voroshilovka.ru,kz1,True
http://voroshilovka.ru,ru2,True
http://voroshilovka.ru,ua2,True
http://voroshilovka.ru,hk1,True
http://voroshilovka.ru,ir1,True
http://voroshilovka.ru,lt1,True
http://voroshilovka.ru,us2,True
http://voroshilovka.ru,md1,True
http://wlad.eu,md1,True
http://wlad.eu,ir1,True
http://wlad.eu,hk1,True
http://wlad.eu,us2,True
http://wlad.eu,lt1,True
http://wlad.eu,ru2,True
http://wlad.eu,ua2,True
http://wlad.eu,ru1,True
http://wlad.eu,kz1,True
http://wlad.eu,at1,True
http://wlad.eu,pt1,True
http://wlad.eu,tr1,True
http://wlad.eu,fr2,True
http://wlad.eu,us1,True
http://wlad.eu,ch1,True
http://wlad.eu,au1,True
http://wlad.eu,ca1,True
http://wlad.eu,nl1,True
http://wlad.eu,it2,True
http://wlad.eu,ua1,True
http://wlad.eu,de4,True
http://www.council.gov.ru,pt1,True
http://www.council.gov.ru,us1,True
http://www.council.gov.ru,tr1,False
http://www.council.gov.ru,fr2,True
http://www.council.gov.ru,ch1,False
http://www.council.gov.ru,au1,True
http://www.council.gov.ru,ua1,True
http://www.council.gov.ru,nl1,True
http://www.council.gov.ru,ca1,False
http://www.council.gov.ru,it2,True
http://www.council.gov.ru,de4,True
http://www.council.gov.ru,md1,True
http://www.council.gov.ru,ir1,False
http://www.council.gov.ru,hk1,False
http://www.council.gov.ru,lt1,True
http://www.council.gov.ru,us2,True
http://www.council.gov.ru,ru2,False
http://www.council.gov.ru,ua2,True
http://www.council.gov.ru,ru1,True
http://www.council.gov.ru,kz1,False
http://www.council.gov.ru,at1,True
http://www.enakievo.org,de4,True
http://www.enakievo.org,ua1,True
http://www.enakievo.org,it2,True
http://www.enakievo.org,nl1,True
http://www.enakievo.org,ca1,True
http://www.enakievo.org,au1,True
http://www.enakievo.org,ch1,True
http://www.enakievo.org,us1,True
http://www.enakievo.org,tr1,True
http://www.enakievo.org,fr2,True
http://www.enakievo.org,pt1,True
http://www.enakievo.org,kz1,True
http://www.enakievo.org,at1,True
http://www.enakievo.org,ru1,True
http://www.enakievo.org,ua2,True
http://www.enakievo.org,ru2,True
http://www.enakievo.org,lt1,True
http://www.enakievo.org,us2,True
http://www.enakievo.org,hk1,True
http://www.enakievo.org,ir1,True
http://www.enakievo.org,md1,True
http://www.government.ru,us1,False
http://www.government.ru,fr2,False
http://www.government.ru,tr1,False
http://www.government.ru,pt1,False
http://www.government.ru,au1,False
http://www.government.ru,ch1,False
http://www.government.ru,de4,False
http://www.government.ru,ua1,False
http://www.government.ru,it2,False
http://www.government.ru,nl1,False
http://www.government.ru,ca1,True
http://www.government.ru,md1,False
http://www.government.ru,lt1,False
http://www.government.ru,us2,False
http://www.government.ru,hk1,False
http://www.government.ru,ir1,False
http://www.government.ru,ua2,False
http://www.government.ru,ru2,True
http://www.government.ru,at1,False
http://www.government.ru,kz1,False
http://www.government.ru,ru1,False
http://www.duma.gov.ru,at1,False
http://www.duma.gov.ru,kz1,False
http://www.duma.gov.ru,ru1,True
http://www.duma.gov.ru,ua2,False
http://www.duma.gov.ru,ru2,False
http://www.duma.gov.ru,us2,False
http://www.duma.gov.ru,lt1,False
http://www.duma.gov.ru,ir1,False
http://www.duma.gov.ru,hk1,False
http://www.duma.gov.ru,md1,False
http://www.duma.gov.ru,de4,False
http://www.duma.gov.ru,nl1,False
http://www.duma.gov.ru,ca1,False
http://www.duma.gov.ru,it2,False
http://www.duma.gov.ru,ua1,False
http://www.duma.gov.ru,au1,False
http://www.duma.gov.ru,ch1,False
http://www.duma.gov.ru,fr2,False
http://www.duma.gov.ru,tr1,False
http://www.duma.gov.ru,us1,False
http://www.duma.gov.ru,pt1,False
http://www.kremlin.ru,it2,False
http://www.kremlin.ru,nl1,False
http://www.kremlin.ru,ca1,False
http://www.kremlin.ru,ua1,False
http://www.kremlin.ru,de4,False
http://www.kremlin.ru,pt1,False
http://www.kremlin.ru,fr2,False
http://www.kremlin.ru,tr1,False
http://www.kremlin.ru,us1,False
http://www.kremlin.ru,ch1,False
http://www.kremlin.ru,au1,False
http://www.kremlin.ru,ru2,False
http://www.kremlin.ru,ua2,False
http://www.kremlin.ru,ru1,False
http://www.kremlin.ru,kz1,False
http://www.kremlin.ru,at1,False
http://www.kremlin.ru,md1,False
http://www.kremlin.ru,hk1,False
http://www.kremlin.ru,ir1,False
http://www.kremlin.ru,us2,False
http://www.kremlin.ru,lt1,False
http://www.kremlin.ru/structure/state-council,de4,False
http://www.kremlin.ru/structure/state-council,nl1,False
http://www.kremlin.ru/structure/state-council,ca1,False
http://www.kremlin.ru/structure/state-council,it2,False
http://www.kremlin.ru/structure/state-council,ua1,False
http://www.kremlin.ru/structure/state-council,fr2,False
http://www.kremlin.ru/structure/state-council,tr1,False
http://www.kremlin.ru/structure/state-council,us1,False
http://www.kremlin.ru/structure/state-council,pt1,False
http://www.kremlin.ru/structure/state-council,au1,False
http://www.kremlin.ru/structure/state-council,ch1,False
http://www.kremlin.ru/structure/state-council,ua2,False
http://www.kremlin.ru/structure/state-council,ru2,False
http://www.kremlin.ru/structure/state-council,kz1,False
http://www.kremlin.ru/structure/state-council,at1,False
http://www.kremlin.ru/structure/state-council,ru1,False
http://www.kremlin.ru/structure/state-council,md1,False
http://www.kremlin.ru/structure/state-council,us2,False
http://www.kremlin.ru/structure/state-council,lt1,False
http://www.kremlin.ru/structure/state-council,ir1,False
http://www.kremlin.ru/structure/state-council,hk1,False
http://www.oddr.info,hk1,True
http://www.oddr.info,ir1,True
http://www.oddr.info,us2,True
http://www.oddr.info,lt1,True
http://www.oddr.info,md1,True
http://www.oddr.info,ru1,True
http://www.oddr.info,kz1,True
http://www.oddr.info,at1,True
http://www.oddr.info,ru2,True
http://www.oddr.info,ua2,True
http://www.oddr.info,ch1,True
http://www.oddr.info,au1,True
http://www.oddr.info,pt1,True
http://www.oddr.info,fr2,True
http://www.oddr.info,tr1,True
http://www.oddr.info,us1,True
http://www.oddr.info,nl1,True
http://www.oddr.info,ca1,True
http://www.oddr.info,it2,True
http://www.oddr.info,ua1,True
http://www.oddr.info,de4,True
http://www.scrf.gov.ru,de4,False
http://www.scrf.gov.ru,ua1,False
http://www.scrf.gov.ru,ca1,False
http://www.scrf.gov.ru,nl1,False
http://www.scrf.gov.ru,it2,False
http://www.scrf.gov.ru,us1,False
http://www.scrf.gov.ru,tr1,False
http://www.scrf.gov.ru,fr2,False
http://www.scrf.gov.ru,pt1,False
http://www.scrf.gov.ru,au1,False
http://www.scrf.gov.ru,ch1,False
http://www.scrf.gov.ru,ua2,False
http://www.scrf.gov.ru,ru2,False
http://www.scrf.gov.ru,at1,False
http://www.scrf.gov.ru,kz1,False
http://www.scrf.gov.ru,ru1,False
http://www.scrf.gov.ru,md1,False
http://www.scrf.gov.ru,lt1,False
http://www.scrf.gov.ru,us2,False
http://www.scrf.gov.ru,ir1,False
http://www.scrf.gov.ru,hk1,False
http://www.shahtersk.org,md1,True
http://www.shahtersk.org,us2,True
http://www.shahtersk.org,lt1,True
http://www.shahtersk.org,ir1,True
http://www.shahtersk.org,hk1,True
http://www.shahtersk.org,ua2,True
http://www.shahtersk.org,ru2,True
http://www.shahtersk.org,kz1,True
http://www.shahtersk.org,at1,True
http://www.shahtersk.org,ru1,True
http://www.shahtersk.org,tr1,True
http://www.shahtersk.org,fr2,True
http://www.shahtersk.org,us1,True
http://www.shahtersk.org,pt1,True
http://www.shahtersk.org,au1,True
http://www.shahtersk.org,ch1,True
http://www.shahtersk.org,de4,True
http://www.shahtersk.org,ca1,True
http://www.shahtersk.org,nl1,True
http://www.shahtersk.org,it2,True
http://www.shahtersk.org,ua1,False
http://www.vodadonbassa.ru,nl1,True
http://www.vodadonbassa.ru,ca1,True
http://www.vodadonbassa.ru,it2,True
http://www.vodadonbassa.ru,ua1,True
http://www.vodadonbassa.ru,de4,True
http://www.vodadonbassa.ru,ch1,True
http://www.vodadonbassa.ru,au1,True
http://www.vodadonbassa.ru,pt1,True
http://www.vodadonbassa.ru,tr1,True
http://www.vodadonbassa.ru,fr2,True
http://www.vodadonbassa.ru,us1,True
http://www.vodadonbassa.ru,ru1,True
http://www.vodadonbassa.ru,at1,True
http://www.vodadonbassa.ru,kz1,True
http://www.vodadonbassa.ru,ru2,True
http://www.vodadonbassa.ru,ua2,True
http://www.vodadonbassa.ru,ir1,True
http://www.vodadonbassa.ru,hk1,True
http://www.vodadonbassa.ru,us2,True
http://www.vodadonbassa.ru,lt1,True
http://www.vodadonbassa.ru,md1,True
http://zhdanovka.jimdo.com,ua2,True
http://zhdanovka.jimdo.com,ru2,True
http://zhdanovka.jimdo.com,at1,True
http://zhdanovka.jimdo.com,kz1,True
http://zhdanovka.jimdo.com,ru1,True
http://zhdanovka.jimdo.com,md1,True
http://zhdanovka.jimdo.com,us2,True
http://zhdanovka.jimdo.com,lt1,True
http://zhdanovka.jimdo.com,hk1,True
http://zhdanovka.jimdo.com,ir1,True
http://zhdanovka.jimdo.com,de4,True
http://zhdanovka.jimdo.com,ca1,True
http://zhdanovka.jimdo.com,nl1,True
http://zhdanovka.jimdo.com,it2,True
http://zhdanovka.jimdo.com,ua1,True
http://zhdanovka.jimdo.com,tr1,True
http://zhdanovka.jimdo.com,fr2,True
http://zhdanovka.jimdo.com,us1,True
http://zhdanovka.jimdo.com,pt1,True
http://zhdanovka.jimdo.com,au1,True
http://zhdanovka.jimdo.com,ch1,True
https://account.mail.ru,ua2,True
https://account.mail.ru,ru2,True
https://account.mail.ru,kz1,True
https://account.mail.ru,at1,True
https://account.mail.ru,ru1,True
https://account.mail.ru,md1,True
https://account.mail.ru,us2,True
https://account.mail.ru,lt1,True
https://account.mail.ru,hk1,True
https://account.mail.ru,ir1,True
https://account.mail.ru,de4,True
https://account.mail.ru,ca1,True
https://account.mail.ru,it2,True
https://account.mail.ru,nl1,True
https://account.mail.ru,ua1,True
https://account.mail.ru,tr1,True
https://account.mail.ru,fr2,False
https://account.mail.ru,us1,True
https://account.mail.ru,pt1,True
https://account.mail.ru,au1,True
https://account.mail.ru,ch1,True
https://bg14.org,au1,False
https://bg14.org,ch1,False
https://bg14.org,fr2,False
https://bg14.org,tr1,False
https://bg14.org,us1,False
https://bg14.org,pt1,False
https://bg14.org,de4,False
https://bg14.org,ca1,False
https://bg14.org,nl1,False
https://bg14.org,it2,False
https://bg14.org,ua1,False
https://bg14.org,us2,False
https://bg14.org,lt1,False
https://bg14.org,ir1,False
https://bg14.org,hk1,False
https://bg14.org,md1,False
https://bg14.org,kz1,False
https://bg14.org,at1,False
https://bg14.org,ru1,False
https://bg14.org,ua2,False
https://bg14.org,ru2,False
https://cabinet.mil.ru,ru2,True
https://cabinet.mil.ru,ua2,False
https://cabinet.mil.ru,ru1,True
https://cabinet.mil.ru,at1,False
https://cabinet.mil.ru,kz1,True
https://cabinet.mil.ru,md1,True
https://cabinet.mil.ru,ir1,False
https://cabinet.mil.ru,hk1,False
https://cabinet.mil.ru,lt1,False
https://cabinet.mil.ru,us2,False
https://cabinet.mil.ru,ua1,False
https://cabinet.mil.ru,ca1,False
https://cabinet.mil.ru,it2,False
https://cabinet.mil.ru,nl1,False
https://cabinet.mil.ru,de4,False
https://cabinet.mil.ru,pt1,False
https://cabinet.mil.ru,us1,False
https://cabinet.mil.ru,fr2,False
https://cabinet.mil.ru,tr1,False
https://cabinet.mil.ru,ch1,False
https://cabinet.mil.ru,au1,False
https://customs.gov.ru,md1,False
https://customs.gov.ru,hk1,False
https://customs.gov.ru,ir1,False
https://customs.gov.ru,us2,False
https://customs.gov.ru,lt1,False
https://customs.gov.ru,ru2,False
https://customs.gov.ru,ua2,False
https://customs.gov.ru,ru1,False
https://customs.gov.ru,at1,False
https://customs.gov.ru,kz1,False
https://customs.gov.ru,pt1,False
https://customs.gov.ru,fr2,False
https://customs.gov.ru,tr1,False
https://customs.gov.ru,us1,False
https://customs.gov.ru,ch1,False
https://customs.gov.ru,au1,False
https://customs.gov.ru,nl1,False
https://customs.gov.ru,ca1,False
https://customs.gov.ru,it2,False
https://customs.gov.ru,ua1,False
https://customs.gov.ru,de4,False
https://dan-news.info,ua1,True
https://dan-news.info,nl1,True
https://dan-news.info,it2,True
https://dan-news.info,ca1,True
https://dan-news.info,de4,True
https://dan-news.info,pt1,True
https://dan-news.info,us1,True
https://dan-news.info,fr2,True
https://dan-news.info,tr1,True
https://dan-news.info,ch1,True
https://dan-news.info,au1,True
https://dan-news.info,ru2,True
https://dan-news.info,ua2,True
https://dan-news.info,ru1,True
https://dan-news.info,kz1,True
https://dan-news.info,at1,True
https://dan-news.info,md1,True
https://dan-news.info,ir1,True
https://dan-news.info,hk1,True
https://dan-news.info,lt1,True
https://dan-news.info,us2,True
https://dnr-news.com,kz1,True
https://dnr-news.com,at1,True
https://dnr-news.com,ru1,True
https://dnr-news.com,ua2,True
https://dnr-news.com,ru2,True
https://dnr-news.com,us2,True
https://dnr-news.com,lt1,True
https://dnr-news.com,hk1,True
https://dnr-news.com,ir1,True
https://dnr-news.com,md1,True
https://dnr-news.com,de4,True
https://dnr-news.com,ca1,True
https://dnr-news.com,it2,True
https://dnr-news.com,nl1,True
https://dnr-news.com,ua1,True
https://dnr-news.com,au1,True
https://dnr-news.com,ch1,True
https://dnr-news.com,fr2,True
https://dnr-news.com,tr1,True
https://dnr-news.com,us1,True
https://dnr-news.com,pt1,True
https://glava-lnr.info,at1,True
https://glava-lnr.info,kz1,True
https://glava-lnr.info,ru1,True
https://glava-lnr.info,ua2,True
https://glava-lnr.info,ru2,True
https://glava-lnr.info,us2,True
https://glava-lnr.info,lt1,True
https://glava-lnr.info,ir1,True
https://glava-lnr.info,hk1,True
https://glava-lnr.info,md1,True
https://glava-lnr.info,de4,True
https://glava-lnr.info,it2,True
https://glava-lnr.info,ca1,True
https://glava-lnr.info,nl1,True
https://glava-lnr.info,ua1,False
https://glava-lnr.info,au1,True
https://glava-lnr.info,ch1,True
https://glava-lnr.info,fr2,True
https://glava-lnr.info,tr1,True
https://glava-lnr.info,us1,True
https://glava-lnr.info,pt1,True
https://gtrklnr.com,de4,True
https://gtrklnr.com,nl1,True
https://gtrklnr.com,ca1,True
https://gtrklnr.com,it2,True
https://gtrklnr.com,ua1,True
https://gtrklnr.com,fr2,True
https://gtrklnr.com,tr1,True
https://gtrklnr.com,us1,True
https://gtrklnr.com,pt1,True
https://gtrklnr.com,au1,True
https://gtrklnr.com,ch1,True
https://gtrklnr.com,ua2,True
https://gtrklnr.com,ru2,True
https://gtrklnr.com,at1,True
https://gtrklnr.com,kz1,True
https://gtrklnr.com,ru1,True
https://gtrklnr.com,md1,True
https://gtrklnr.com,us2,True
https://gtrklnr.com,lt1,True
https://gtrklnr.com,ir1,True
https://gtrklnr.com,hk1,True
https://kino.mail.ru/tvshow_851444_vremya_pokazhet,ch1,True
https://kino.mail.ru/tvshow_851444_vremya_pokazhet,au1,True
https://kino.mail.ru/tvshow_851444_vremya_pokazhet,pt1,True
https://kino.mail.ru/tvshow_851444_vremya_pokazhet,fr2,True
https://kino.mail.ru/tvshow_851444_vremya_pokazhet,tr1,True
https://kino.mail.ru/tvshow_851444_vremya_pokazhet,us1,True
https://kino.mail.ru/tvshow_851444_vremya_pokazhet,nl1,True
https://kino.mail.ru/tvshow_851444_vremya_pokazhet,ca1,True
https://kino.mail.ru/tvshow_851444_vremya_pokazhet,it2,True
https://kino.mail.ru/tvshow_851444_vremya_pokazhet,ua1,True
https://kino.mail.ru/tvshow_851444_vremya_pokazhet,de4,True
https://kino.mail.ru/tvshow_851444_vremya_pokazhet,hk1,True
https://kino.mail.ru/tvshow_851444_vremya_pokazhet,ir1,False
https://kino.mail.ru/tvshow_851444_vremya_pokazhet,us2,True
https://kino.mail.ru/tvshow_851444_vremya_pokazhet,lt1,True
https://kino.mail.ru/tvshow_851444_vremya_pokazhet,md1,True
https://kino.mail.ru/tvshow_851444_vremya_pokazhet,ru1,True
https://kino.mail.ru/tvshow_851444_vremya_pokazhet,at1,True
https://kino.mail.ru/tvshow_851444_vremya_pokazhet,kz1,True
https://kino.mail.ru/tvshow_851444_vremya_pokazhet,ru2,True
https://kino.mail.ru/tvshow_851444_vremya_pokazhet,ua2,True
https://lug-info.com,ru2,True
https://lug-info.com,ua2,True
https://lug-info.com,ru1,True
https://lug-info.com,kz1,True
https://lug-info.com,at1,True
https://lug-info.com,md1,True
https://lug-info.com,hk1,True
https://lug-info.com,ir1,True
https://lug-info.com,lt1,True
https://lug-info.com,us2,True
https://lug-info.com,ua1,True
https://lug-info.com,nl1,True
https://lug-info.com,it2,True
https://lug-info.com,ca1,True
https://lug-info.com,de4,True
https://lug-info.com,pt1,True
https://lug-info.com,us1,True
https://lug-info.com,tr1,True
https://lug-info.com,fr2,True
https://lug-info.com,ch1,True
https://lug-info.com,au1,True
https://lukoil.ru,ru2,False
https://lukoil.ru,ua2,False
https://lukoil.ru,ru1,False
https://lukoil.ru,kz1,False
https://lukoil.ru,at1,False
https://lukoil.ru,md1,False
https://lukoil.ru,ir1,False
https://lukoil.ru,hk1,False
https://lukoil.ru,us2,False
https://lukoil.ru,lt1,False
https://lukoil.ru,ca1,False
https://lukoil.ru,nl1,False
https://lukoil.ru,it2,False
https://lukoil.ru,ua1,False
https://lukoil.ru,de4,False
https://lukoil.ru,pt1,False
https://lukoil.ru,tr1,False
https://lukoil.ru,fr2,False
https://lukoil.ru,us1,False
https://lukoil.ru,ch1,False
https://lukoil.ru,au1,False
https://m.lenta.ru/rubrics/ussr/amp,de4,False
https://m.lenta.ru/rubrics/ussr/amp,ua1,True
https://m.lenta.ru/rubrics/ussr/amp,ca1,False
https://m.lenta.ru/rubrics/ussr/amp,it2,False
https://m.lenta.ru/rubrics/ussr/amp,nl1,True
https://m.lenta.ru/rubrics/ussr/amp,au1,True
https://m.lenta.ru/rubrics/ussr/amp,ch1,False
https://m.lenta.ru/rubrics/ussr/amp,us1,True
https://m.lenta.ru/rubrics/ussr/amp,tr1,True
https://m.lenta.ru/rubrics/ussr/amp,fr2,True
https://m.lenta.ru/rubrics/ussr/amp,pt1,True
https://m.lenta.ru/rubrics/ussr/amp,at1,False
https://m.lenta.ru/rubrics/ussr/amp,kz1,True
https://m.lenta.ru/rubrics/ussr/amp,ru1,True
https://m.lenta.ru/rubrics/ussr/amp,ua2,True
https://m.lenta.ru/rubrics/ussr/amp,ru2,True
https://m.lenta.ru/rubrics/ussr/amp,lt1,True
https://m.lenta.ru/rubrics/ussr/amp,us2,False
https://m.lenta.ru/rubrics/ussr/amp,ir1,False
https://m.lenta.ru/rubrics/ussr/amp,hk1,False
https://m.lenta.ru/rubrics/ussr/amp,md1,True
https://magnit.ru,ca1,False
https://magnit.ru,nl1,False
https://magnit.ru,it2,False
https://magnit.ru,ua1,False
https://magnit.ru,de4,False
https://magnit.ru,pt1,False
https://magnit.ru,tr1,False
https://magnit.ru,fr2,False
https://magnit.ru,us1,False
https://magnit.ru,ch1,False
https://magnit.ru,au1,False
https://magnit.ru,ru2,False
https://magnit.ru,ua2,False
https://magnit.ru,ru1,True
https://magnit.ru,kz1,False
https://magnit.ru,at1,False
https://magnit.ru,md1,False
https://magnit.ru,hk1,False
https://magnit.ru,ir1,False
https://magnit.ru,us2,False
https://magnit.ru,lt1,False
https://mgbdnr.ru,ua2,True
https://mgbdnr.ru,ru2,False
https://mgbdnr.ru,kz1,True
https://mgbdnr.ru,at1,False
https://mgbdnr.ru,ru1,True
https://mgbdnr.ru,md1,True
https://mgbdnr.ru,lt1,True
https://mgbdnr.ru,us2,True
https://mgbdnr.ru,hk1,True
https://mgbdnr.ru,ir1,True
https://mgbdnr.ru,de4,False
https://mgbdnr.ru,ua1,False
https://mgbdnr.ru,ca1,True
https://mgbdnr.ru,nl1,False
https://mgbdnr.ru,it2,False
https://mgbdnr.ru,us1,True
https://mgbdnr.ru,tr1,True
https://mgbdnr.ru,fr2,False
https://mgbdnr.ru,pt1,False
https://mgbdnr.ru,au1,False
https://mgbdnr.ru,ch1,True
https://mil.ru,ua2,False
https://mil.ru,ru2,True
https://mil.ru,kz1,True
https://mil.ru,at1,False
https://mil.ru,ru1,True
https://mil.ru,md1,True
https://mil.ru,lt1,False
https://mil.ru,us2,False
https://mil.ru,hk1,False
https://mil.ru,ir1,False
https://mil.ru,de4,False
https://mil.ru,ua1,False
https://mil.ru,nl1,False
https://mil.ru,it2,False
https://mil.ru,ca1,False
https://mil.ru,us1,False
https://mil.ru,fr2,False
https://mil.ru,tr1,False
https://mil.ru,pt1,False
https://mil.ru,au1,False
https://mil.ru,ch1,False
https://mininfodnr.ru,md1,True
https://mininfodnr.ru,lt1,True
https://mininfodnr.ru,us2,True
https://mininfodnr.ru,ir1,True
https://mininfodnr.ru,hk1,False
https://mininfodnr.ru,ua2,True
https://mininfodnr.ru,ru2,True
https://mininfodnr.ru,at1,True
https://mininfodnr.ru,kz1,True
https://mininfodnr.ru,ru1,True
https://mininfodnr.ru,us1,True
https://mininfodnr.ru,fr2,True
https://mininfodnr.ru,tr1,True
https://mininfodnr.ru,pt1,True
https://mininfodnr.ru,au1,False
https://mininfodnr.ru,ch1,True
https://mininfodnr.ru,de4,True
https://mininfodnr.ru,ua1,True
https://mininfodnr.ru,nl1,True
https://mininfodnr.ru,ca1,True
https://mininfodnr.ru,it2,True
https://more.tv/online/russia1_hd,kz1,True
https://more.tv/online/russia1_hd,at1,True
https://more.tv/online/russia1_hd,ru1,True
https://more.tv/online/russia1_hd,ua2,True
https://more.tv/online/russia1_hd,ru2,True
https://more.tv/online/russia1_hd,us2,True
https://more.tv/online/russia1_hd,lt1,True
https://more.tv/online/russia1_hd,hk1,True
https://more.tv/online/russia1_hd,ir1,False
https://more.tv/online/russia1_hd,md1,True
https://more.tv/online/russia1_hd,de4,True
https://more.tv/online/russia1_hd,it2,True
https://more.tv/online/russia1_hd,nl1,True
https://more.tv/online/russia1_hd,ca1,True
https://more.tv/online/russia1_hd,ua1,True
https://more.tv/online/russia1_hd,au1,True
https://more.tv/online/russia1_hd,ch1,True
https://more.tv/online/russia1_hd,tr1,True
https://more.tv/online/russia1_hd,fr2,True
https://more.tv/online/russia1_hd,us1,True
https://more.tv/online/russia1_hd,pt1,True
https://nangs.org,ru1,False
https://nangs.org,at1,False
https://nangs.org,kz1,False
https://nangs.org,ru2,False
https://nangs.org,ua2,False
https://nangs.org,hk1,False
https://nangs.org,ir1,False
https://nangs.org,us2,False
https://nangs.org,lt1,False
https://nangs.org,md1,False
https://nangs.org,it2,False
https://nangs.org,nl1,False
https://nangs.org,ca1,False
https://nangs.org,ua1,False
https://nangs.org,de4,False
https://nangs.org,ch1,False
https://nangs.org,au1,False
https://nangs.org,pt1,False
https://nangs.org,fr2,False
https://nangs.org,tr1,False
https://nangs.org,us1,False
https://mosmetro.ru,ua2,True
https://mosmetro.ru,ru2,True
https://mosmetro.ru,kz1,True
https://mosmetro.ru,at1,True
https://mosmetro.ru,ru1,True
https://mosmetro.ru,md1,True
https://mosmetro.ru,lt1,True
https://mosmetro.ru,us2,True
https://mosmetro.ru,ir1,True
https://mosmetro.ru,hk1,True
https://mosmetro.ru,de4,True
https://mosmetro.ru,ua1,True
https://mosmetro.ru,ca1,True
https://mosmetro.ru,it2,True
https://mosmetro.ru,nl1,True
https://mosmetro.ru,us1,True
https://mosmetro.ru,tr1,True
https://mosmetro.ru,fr2,True
https://mosmetro.ru,pt1,True
https://mosmetro.ru,au1,True
https://mosmetro.ru,ch1,True
https://nlmk.com,us2,False
https://nlmk.com,lt1,False
https://nlmk.com,hk1,False
https://nlmk.com,ir1,False
https://nlmk.com,md1,False
https://nlmk.com,kz1,False
https://nlmk.com,at1,False
https://nlmk.com,ru1,True
https://nlmk.com,ua2,False
https://nlmk.com,ru2,True
https://nlmk.com,au1,False
https://nlmk.com,ch1,False
https://nlmk.com,fr2,False
https://nlmk.com,tr1,False
https://nlmk.com,us1,False
https://nlmk.com,pt1,False
https://nlmk.com,de4,False
https://nlmk.com,ca1,False
https://nlmk.com,it2,False
https://nlmk.com,nl1,False
https://nlmk.com,ua1,False
https://online.vtb.ru/login,it2,True
https://online.vtb.ru/login,nl1,True
https://online.vtb.ru/login,ca1,True
https://online.vtb.ru/login,ua1,True
https://online.vtb.ru/login,de4,True
https://online.vtb.ru/login,pt1,True
https://online.vtb.ru/login,tr1,True
https://online.vtb.ru/login,fr2,True
https://online.vtb.ru/login,us1,True
https://online.vtb.ru/login,ch1,True
https://online.vtb.ru/login,au1,False
https://online.vtb.ru/login,ru2,True
https://online.vtb.ru/login,ua2,True
https://online.vtb.ru/login,ru1,True
https://online.vtb.ru/login,at1,True
https://online.vtb.ru/login,kz1,True
https://online.vtb.ru/login,md1,True
https://online.vtb.ru/login,ir1,True
https://online.vtb.ru/login,hk1,True
https://online.vtb.ru/login,us2,True
https://online.vtb.ru/login,lt1,True
https://passport.yandex.ru,ua2,True
https://passport.yandex.ru,ru2,True
https://passport.yandex.ru,at1,True
https://passport.yandex.ru,kz1,True
https://passport.yandex.ru,ru1,True
https://passport.yandex.ru,md1,True
https://passport.yandex.ru,us2,True
https://passport.yandex.ru,lt1,True
https://passport.yandex.ru,hk1,True
https://passport.yandex.ru,ir1,True
https://passport.yandex.ru,de4,True
https://passport.yandex.ru,it2,True
https://passport.yandex.ru,nl1,True
https://passport.yandex.ru,ca1,True
https://passport.yandex.ru,ua1,False
https://passport.yandex.ru,fr2,True
https://passport.yandex.ru,tr1,True
https://passport.yandex.ru,us1,True
https://passport.yandex.ru,pt1,True
https://passport.yandex.ru,au1,True
https://passport.yandex.ru,ch1,True
https://omk.ru,us1,False
https://omk.ru,fr2,False
https://omk.ru,tr1,False
https://omk.ru,pt1,False
https://omk.ru,au1,False
https://omk.ru,ch1,False
https://omk.ru,de4,False
https://omk.ru,ua1,False
https://omk.ru,nl1,False
https://omk.ru,ca1,False
https://omk.ru,it2,False
https://omk.ru,md1,False
https://omk.ru,lt1,False
https://omk.ru,us2,False
https://omk.ru,ir1,False
https://omk.ru,hk1,False
https://omk.ru,ua2,False
https://omk.ru,ru2,False
https://omk.ru,at1,False
https://omk.ru,kz1,False
https://omk.ru,ru1,False
https://pfr.gov.ru,de4,True
https://pfr.gov.ru,it2,False
https://pfr.gov.ru,nl1,False
https://pfr.gov.ru,ca1,True
https://pfr.gov.ru,ua1,False
https://pfr.gov.ru,au1,False
https://pfr.gov.ru,ch1,False
https://pfr.gov.ru,fr2,False
https://pfr.gov.ru,tr1,False
https://pfr.gov.ru,us1,True
https://pfr.gov.ru,pt1,False
https://pfr.gov.ru,kz1,False
https://pfr.gov.ru,at1,False
https://pfr.gov.ru,ru1,True
https://pfr.gov.ru,ua2,True
https://pfr.gov.ru,ru2,False
https://pfr.gov.ru,us2,False
https://pfr.gov.ru,lt1,False
https://pfr.gov.ru,hk1,False
https://pfr.gov.ru,ir1,False
https://pfr.gov.ru,md1,False
https://ren.tv,ua2,True
https://ren.tv,ru2,True
https://ren.tv,kz1,True
https://ren.tv,at1,True
https://ren.tv,ru1,True
https://ren.tv,md1,True
https://ren.tv,us2,True
https://ren.tv,lt1,True
https://ren.tv,ir1,True
https://ren.tv,hk1,True
https://ren.tv,de4,True
https://ren.tv,nl1,True
https://ren.tv,ca1,True
https://ren.tv,it2,True
https://ren.tv,ua1,True
https://ren.tv,fr2,True
https://ren.tv,tr1,True
https://ren.tv,us1,True
https://ren.tv,pt1,True
https://ren.tv,au1,True
https://ren.tv,ch1,True
https://rkn.gov.ru,at1,False
https://rkn.gov.ru,kz1,False
https://rkn.gov.ru,ru1,True
https://rkn.gov.ru,ua2,True
https://rkn.gov.ru,ru2,False
https://rkn.gov.ru,lt1,False
https://rkn.gov.ru,us2,False
https://rkn.gov.ru,ir1,False
https://rkn.gov.ru,hk1,False
https://rkn.gov.ru,md1,False
https://rkn.gov.ru,de4,False
https://rkn.gov.ru,ua1,False
https://rkn.gov.ru,it2,False
https://rkn.gov.ru,ca1,True
https://rkn.gov.ru,nl1,False
https://rkn.gov.ru,au1,False
https://rkn.gov.ru,ch1,False
https://rkn.gov.ru,us1,False
https://rkn.gov.ru,fr2,False
https://rkn.gov.ru,tr1,False
https://rkn.gov.ru,pt1,False
https://pravdnr.ru,nl1,True
https://pravdnr.ru,ca1,True
https://pravdnr.ru,it2,True
https://pravdnr.ru,ua1,True
https://pravdnr.ru,de4,True
https://pravdnr.ru,ch1,True
https://pravdnr.ru,au1,True
https://pravdnr.ru,pt1,True
https://pravdnr.ru,tr1,True
https://pravdnr.ru,fr2,True
https://pravdnr.ru,us1,True
https://pravdnr.ru,ru1,True
https://pravdnr.ru,kz1,True
https://pravdnr.ru,at1,True
https://pravdnr.ru,ru2,True
https://pravdnr.ru,ua2,True
https://pravdnr.ru,hk1,True
https://pravdnr.ru,ir1,True
https://pravdnr.ru,us2,True
https://pravdnr.ru,lt1,True
https://pravdnr.ru,md1,True
https://rmk-group.ruru,tr1,False
https://rmk-group.ruru,fr2,False
https://rmk-group.ruru,us1,False
https://rmk-group.ruru,pt1,False
https://rmk-group.ruru,au1,False
https://rmk-group.ruru,ch1,False
https://rmk-group.ruru,de4,False
https://rmk-group.ruru,ca1,False
https://rmk-group.ruru,it2,False
https://rmk-group.ruru,nl1,False
https://rmk-group.ruru,ua1,False
https://rmk-group.ruru,md1,False
https://rmk-group.ruru,us2,False
https://rmk-group.ruru,lt1,False
https://rmk-group.ruru,ir1,False
https://rmk-group.ruru,hk1,False
https://rmk-group.ruru,ua2,False
https://rmk-group.ruru,ru2,False
https://rmk-group.ruru,kz1,False
https://rmk-group.ruru,at1,False
https://rmk-group.ruru,ru1,False
https://smotrim.ru/brand/21385,ru1,True
https://smotrim.ru/brand/21385,kz1,True
https://smotrim.ru/brand/21385,at1,True
https://smotrim.ru/brand/21385,ru2,True
https://smotrim.ru/brand/21385,ua2,False
https://smotrim.ru/brand/21385,hk1,True
https://smotrim.ru/brand/21385,ir1,True
https://smotrim.ru/brand/21385,us2,True
https://smotrim.ru/brand/21385,lt1,False
https://smotrim.ru/brand/21385,md1,True
https://smotrim.ru/brand/21385,it2,True
https://smotrim.ru/brand/21385,nl1,True
https://smotrim.ru/brand/21385,ca1,False
https://smotrim.ru/brand/21385,ua1,False
https://smotrim.ru/brand/21385,de4,True
https://smotrim.ru/brand/21385,ch1,False
https://smotrim.ru/brand/21385,au1,False
https://smotrim.ru/brand/21385,pt1,True
https://smotrim.ru/brand/21385,fr2,True
https://smotrim.ru/brand/21385,tr1,False
https://smotrim.ru/brand/21385,us1,True
https://smotrim.ru/brand/60851,tr1,True
https://smotrim.ru/brand/60851,fr2,True
https://smotrim.ru/brand/60851,us1,False
https://smotrim.ru/brand/60851,pt1,True
https://smotrim.ru/brand/60851,au1,True
https://smotrim.ru/brand/60851,ch1,False
https://smotrim.ru/brand/60851,de4,False
https://smotrim.ru/brand/60851,ca1,False
https://smotrim.ru/brand/60851,nl1,True
https://smotrim.ru/brand/60851,it2,True
https://smotrim.ru/brand/60851,ua1,False
https://smotrim.ru/brand/60851,md1,True
https://smotrim.ru/brand/60851,us2,False
https://smotrim.ru/brand/60851,lt1,False
https://smotrim.ru/brand/60851,ir1,False
https://smotrim.ru/brand/60851,hk1,False
https://smotrim.ru/brand/60851,ua2,False
https://smotrim.ru/brand/60851,ru2,True
https://smotrim.ru/brand/60851,at1,True
https://smotrim.ru/brand/60851,kz1,True
https://smotrim.ru/brand/60851,ru1,False
https://tvzvezda.ru,ru2,True
https://tvzvezda.ru,ua2,False
https://tvzvezda.ru,ru1,True
https://tvzvezda.ru,at1,True
https://tvzvezda.ru,kz1,True
https://tvzvezda.ru,md1,True
https://tvzvezda.ru,hk1,True
https://tvzvezda.ru,ir1,False
https://tvzvezda.ru,us2,True
https://tvzvezda.ru,lt1,True
https://tvzvezda.ru,it2,True
https://tvzvezda.ru,nl1,True
https://tvzvezda.ru,ca1,True
https://tvzvezda.ru,ua1,False
https://tvzvezda.ru,de4,True
https://tvzvezda.ru,pt1,True
https://tvzvezda.ru,tr1,True
https://tvzvezda.ru,fr2,True
https://tvzvezda.ru,us1,True
https://tvzvezda.ru,ch1,False
https://tvzvezda.ru,au1,True
https://vesti7.ru,ir1,True
https://vesti7.ru,hk1,False
https://vesti7.ru,lt1,False
https://vesti7.ru,us2,False
https://vesti7.ru,md1,True
https://vesti7.ru,ru1,False
https://vesti7.ru,kz1,False
https://vesti7.ru,at1,False
https://vesti7.ru,ru2,True
https://vesti7.ru,ua2,True
https://vesti7.ru,ch1,False
https://vesti7.ru,au1,False
https://vesti7.ru,pt1,True
https://vesti7.ru,us1,True
https://vesti7.ru,fr2,True
https://vesti7.ru,tr1,False
https://vesti7.ru,ua1,False
https://vesti7.ru,ca1,True
https://vesti7.ru,nl1,False
https://vesti7.ru,it2,False
https://vesti7.ru,de4,False
https://www.1tv.ru,us2,False
https://www.1tv.ru,lt1,False
https://www.1tv.ru,hk1,False
https://www.1tv.ru,ir1,False
https://www.1tv.ru,md1,False
https://www.1tv.ru,at1,False
https://www.1tv.ru,kz1,False
https://www.1tv.ru,ru1,True
https://www.1tv.ru,ua2,True
https://www.1tv.ru,ru2,True
https://www.1tv.ru,au1,False
https://www.1tv.ru,ch1,False
https://www.1tv.ru,tr1,False
https://www.1tv.ru,fr2,False
https://www.1tv.ru,us1,False
https://www.1tv.ru,pt1,False
https://www.1tv.ru,de4,False
https://www.1tv.ru,nl1,False
https://www.1tv.ru,ca1,False
https://www.1tv.ru,it2,False
https://www.1tv.ru,ua1,False
https://www.1tv.ru/shows/vystupleniya-prezidenta-rossii,md1,False
https://www.1tv.ru/shows/vystupleniya-prezidenta-rossii,ir1,False
https://www.1tv.ru/shows/vystupleniya-prezidenta-rossii,hk1,False
https://www.1tv.ru/shows/vystupleniya-prezidenta-rossii,us2,False
https://www.1tv.ru/shows/vystupleniya-prezidenta-rossii,lt1,False
https://www.1tv.ru/shows/vystupleniya-prezidenta-rossii,ru2,True
https://www.1tv.ru/shows/vystupleniya-prezidenta-rossii,ua2,True
https://www.1tv.ru/shows/vystupleniya-prezidenta-rossii,ru1,True
https://www.1tv.ru/shows/vystupleniya-prezidenta-rossii,at1,False
https://www.1tv.ru/shows/vystupleniya-prezidenta-rossii,kz1,False
https://www.1tv.ru/shows/vystupleniya-prezidenta-rossii,pt1,False
https://www.1tv.ru/shows/vystupleniya-prezidenta-rossii,fr2,False
https://www.1tv.ru/shows/vystupleniya-prezidenta-rossii,tr1,False
https://www.1tv.ru/shows/vystupleniya-prezidenta-rossii,us1,False
https://www.1tv.ru/shows/vystupleniya-prezidenta-rossii,ch1,False
https://www.1tv.ru/shows/vystupleniya-prezidenta-rossii,au1,False
https://www.1tv.ru/shows/vystupleniya-prezidenta-rossii,nl1,False
https://www.1tv.ru/shows/vystupleniya-prezidenta-rossii,ca1,False
https://www.1tv.ru/shows/vystupleniya-prezidenta-rossii,it2,False
https://www.1tv.ru/shows/vystupleniya-prezidenta-rossii,ua1,False
https://www.1tv.ru/shows/vystupleniya-prezidenta-rossii,de4,False
https://www.eurosib.ru,hk1,False
https://www.eurosib.ru,ir1,False
https://www.eurosib.ru,us2,False
https://www.eurosib.ru,lt1,False
https://www.eurosib.ru,md1,False
https://www.eurosib.ru,ru1,False
https://www.eurosib.ru,at1,False
https://www.eurosib.ru,kz1,False
https://www.eurosib.ru,ru2,False
https://www.eurosib.ru,ua2,False
https://www.eurosib.ru,ch1,False
https://www.eurosib.ru,au1,False
https://www.eurosib.ru,pt1,False
https://www.eurosib.ru,tr1,False
https://www.eurosib.ru,fr2,False
https://www.eurosib.ru,us1,False
https://www.eurosib.ru,ca1,False
https://www.eurosib.ru,nl1,False
https://www.eurosib.ru,it2,False
https://www.eurosib.ru,ua1,False
https://www.eurosib.ru,de4,False
https://www.evraz.com,ch1,True
https://www.evraz.com,au1,True
https://www.evraz.com,pt1,True
https://www.evraz.com,fr2,True
https://www.evraz.com,tr1,True
https://www.evraz.com,us1,True
https://www.evraz.com,nl1,True
https://www.evraz.com,it2,True
https://www.evraz.com,ca1,True
https://www.evraz.com,ua1,True
https://www.evraz.com,de4,True
https://www.evraz.com,hk1,True
https://www.evraz.com,ir1,True
https://www.evraz.com,us2,True
https://www.evraz.com,lt1,True
https://www.evraz.com,md1,True
https://www.evraz.com,ru1,True
https://www.evraz.com,at1,True
https://www.evraz.com,kz1,True
https://www.evraz.com,ru2,True
https://www.evraz.com,ua2,True
https://www.gazprombank.ru,ru2,True
https://www.gazprombank.ru,ua2,False
https://www.gazprombank.ru,ru1,True
https://www.gazprombank.ru,at1,False
https://www.gazprombank.ru,kz1,False
https://www.gazprombank.ru,md1,False
https://www.gazprombank.ru,ir1,False
https://www.gazprombank.ru,hk1,False
https://www.gazprombank.ru,us2,False
https://www.gazprombank.ru,lt1,False
https://www.gazprombank.ru,it2,False
https://www.gazprombank.ru,ca1,False
https://www.gazprombank.ru,nl1,False
https://www.gazprombank.ru,ua1,False
https://www.gazprombank.ru,de4,False
https://www.gazprombank.ru,pt1,False
https://www.gazprombank.ru,tr1,False
https://www.gazprombank.ru,fr2,False
https://www.gazprombank.ru,us1,False
https://www.gazprombank.ru,ch1,False
https://www.gazprombank.ru,au1,False
https://www.gazprom.ru,de4,False
https://www.gazprom.ru,ua1,False
https://www.gazprom.ru,nl1,False
https://www.gazprom.ru,it2,False
https://www.gazprom.ru,ca1,False
https://www.gazprom.ru,au1,True
https://www.gazprom.ru,ch1,False
https://www.gazprom.ru,us1,True
https://www.gazprom.ru,fr2,False
https://www.gazprom.ru,tr1,True
https://www.gazprom.ru,pt1,False
https://www.gazprom.ru,kz1,True
https://www.gazprom.ru,at1,False
https://www.gazprom.ru,ru1,False
https://www.gazprom.ru,ua2,False
https://www.gazprom.ru,ru2,False
https://www.gazprom.ru,lt1,False
https://www.gazprom.ru,us2,True
https://www.gazprom.ru,ir1,True
https://www.gazprom.ru,hk1,False
https://www.gazprom.ru,md1,False
https://www.gosuslugi.ru,md1,False
https://www.gosuslugi.ru,hk1,False
https://www.gosuslugi.ru,ir1,False
https://www.gosuslugi.ru,us2,False
https://www.gosuslugi.ru,lt1,False
https://www.gosuslugi.ru,ru2,True
https://www.gosuslugi.ru,ua2,False
https://www.gosuslugi.ru,ru1,True
https://www.gosuslugi.ru,kz1,False
https://www.gosuslugi.ru,at1,False
https://www.gosuslugi.ru,pt1,False
https://www.gosuslugi.ru,fr2,False
https://www.gosuslugi.ru,tr1,False
https://www.gosuslugi.ru,us1,False
https://www.gosuslugi.ru,ch1,False
https://www.gosuslugi.ru,au1,False
https://www.gosuslugi.ru,ca1,False
https://www.gosuslugi.ru,it2,False
https://www.gosuslugi.ru,nl1,False
https://www.gosuslugi.ru,ua1,False
https://www.gosuslugi.ru,de4,False
https://www.metalloinvest.com,de4,False
https://www.metalloinvest.com,ua1,False
https://www.metalloinvest.com,nl1,False
https://www.metalloinvest.com,ca1,False
https://www.metalloinvest.com,it2,False
https://www.metalloinvest.com,us1,False
https://www.metalloinvest.com,fr2,False
https://www.metalloinvest.com,tr1,False
https://www.metalloinvest.com,pt1,False
https://www.metalloinvest.com,au1,False
https://www.metalloinvest.com,ch1,False
https://www.metalloinvest.com,ua2,False
https://www.metalloinvest.com,ru2,False
https://www.metalloinvest.com,at1,False
https://www.metalloinvest.com,kz1,False
https://www.metalloinvest.com,ru1,False
https://www.metalloinvest.com,md1,False
https://www.metalloinvest.com,lt1,False
https://www.metalloinvest.com,us2,False
https://www.metalloinvest.com,hk1,False
https://www.metalloinvest.com,ir1,False
https://www.mos.ruuslugi,tr1,False
https://www.mos.ruuslugi,fr2,False
https://www.mos.ruuslugi,us1,False
https://www.mos.ruuslugi,pt1,False
https://www.mos.ruuslugi,au1,False
https://www.mos.ruuslugi,ch1,False
https://www.mos.ruuslugi,de4,False
https://www.mos.ruuslugi,it2,False
https://www.mos.ruuslugi,ca1,False
https://www.mos.ruuslugi,nl1,False
https://www.mos.ruuslugi,ua1,False
https://www.mos.ruuslugi,md1,False
https://www.mos.ruuslugi,us2,False
https://www.mos.ruuslugi,lt1,False
https://www.mos.ruuslugi,ir1,False
https://www.mos.ruuslugi,hk1,False
https://www.mos.ruuslugi,ua2,False
https://www.mos.ruuslugi,ru2,False
https://www.mos.ruuslugi,kz1,False
https://www.mos.ruuslugi,at1,False
https://www.mos.ruuslugi,ru1,False
https://www.nalog.gov.ru,ru1,True
https://www.nalog.gov.ru,at1,False
https://www.nalog.gov.ru,kz1,True
https://www.nalog.gov.ru,ru2,False
https://www.nalog.gov.ru,ua2,True
https://www.nalog.gov.ru,hk1,False
https://www.nalog.gov.ru,ir1,False
https://www.nalog.gov.ru,us2,False
https://www.nalog.gov.ru,lt1,False
https://www.nalog.gov.ru,md1,True
https://www.nalog.gov.ru,ca1,True
https://www.nalog.gov.ru,nl1,False
https://www.nalog.gov.ru,it2,False
https://www.nalog.gov.ru,ua1,False
https://www.nalog.gov.ru,de4,False
https://www.nalog.gov.ru,ch1,False
https://www.nalog.gov.ru,au1,False
https://www.nalog.gov.ru,pt1,False
https://www.nalog.gov.ru,fr2,False
https://www.nalog.gov.ru,tr1,False
https://www.nalog.gov.ru,us1,False
https://www.nornickel.com,ru2,False
https://www.nornickel.com,ua2,False
https://www.nornickel.com,ru1,False
https://www.nornickel.com,kz1,False
https://www.nornickel.com,at1,False
https://www.nornickel.com,md1,False
https://www.nornickel.com,ir1,False
https://www.nornickel.com,hk1,False
https://www.nornickel.com,us2,False
https://www.nornickel.com,lt1,False
https://www.nornickel.com,nl1,False
https://www.nornickel.com,it2,False
https://www.nornickel.com,ca1,False
https://www.nornickel.com,ua1,False
https://www.nornickel.com,de4,False
https://www.nornickel.com,pt1,False
https://www.nornickel.com,fr2,False
https://www.nornickel.com,tr1,False
https://www.nornickel.com,us1,False
https://www.nornickel.com,ch1,False
https://www.nornickel.com,au1,False
https://www.polymetalinternational.com,ir1,False
https://www.polymetalinternational.com,hk1,True
https://www.polymetalinternational.com,lt1,False
https://www.polymetalinternational.com,us2,True
https://www.polymetalinternational.com,md1,False
https://www.polymetalinternational.com,ru1,False
https://www.polymetalinternational.com,at1,False
https://www.polymetalinternational.com,kz1,False
https://www.polymetalinternational.com,ru2,False
https://www.polymetalinternational.com,ua2,False
https://www.polymetalinternational.com,ch1,False
https://www.polymetalinternational.com,au1,False
https://www.polymetalinternational.com,pt1,False
https://www.polymetalinternational.com,us1,False
https://www.polymetalinternational.com,fr2,False
https://www.polymetalinternational.com,tr1,False
https://www.polymetalinternational.com,ua1,False
https://www.polymetalinternational.com,ca1,False
https://www.polymetalinternational.com,it2,True
https://www.polymetalinternational.com,nl1,False
https://www.polymetalinternational.com,de4,False
https://www.sberbank.ru,pt1,False
https://www.sberbank.ru,tr1,False
https://www.sberbank.ru,fr2,False
https://www.sberbank.ru,us1,False
https://www.sberbank.ru,ch1,False
https://www.sberbank.ru,au1,False
https://www.sberbank.ru,it2,False
https://www.sberbank.ru,nl1,True
https://www.sberbank.ru,ca1,False
https://www.sberbank.ru,ua1,False
https://www.sberbank.ru,de4,True
https://www.sberbank.ru,md1,False
https://www.sberbank.ru,ir1,False
https://www.sberbank.ru,hk1,False
https://www.sberbank.ru,us2,False
https://www.sberbank.ru,lt1,True
https://www.sberbank.ru,ru2,True
https://www.sberbank.ru,ua2,False
https://www.sberbank.ru,ru1,True
https://www.sberbank.ru,kz1,False
https://www.sberbank.ru,at1,False
https://www.severstal.com,ru2,False
https://www.severstal.com,ua2,False
https://www.severstal.com,ru1,False
https://www.severstal.com,kz1,False
https://www.severstal.com,at1,False
https://www.severstal.com,md1,False
https://www.severstal.com,hk1,False
https://www.severstal.com,ir1,False
https://www.severstal.com,us2,False
https://www.severstal.com,lt1,False
https://www.severstal.com,nl1,False
https://www.severstal.com,it2,False
https://www.severstal.com,ca1,False
https://www.severstal.com,ua1,False
https://www.severstal.com,de4,False
https://www.severstal.com,pt1,False
https://www.severstal.com,tr1,False
https://www.severstal.com,fr2,False
https://www.severstal.com,us1,False
https://www.severstal.com,ch1,False
https://www.severstal.com,au1,False
https://www.sibur.ru,md1,True
https://www.sibur.ru,ir1,False
https://www.sibur.ru,hk1,True
https://www.sibur.ru,lt1,False
https://www.sibur.ru,us2,False
https://www.sibur.ru,ru2,False
https://www.sibur.ru,ua2,False
https://www.sibur.ru,ru1,False
https://www.sibur.ru,kz1,False
https://www.sibur.ru,at1,False
https://www.sibur.ru,pt1,False
https://www.sibur.ru,us1,False
https://www.sibur.ru,fr2,False
https://www.sibur.ru,tr1,False
https://www.sibur.ru,ch1,True
https://www.sibur.ru,au1,True
https://www.sibur.ru,ua1,False
https://www.sibur.ru,nl1,False
https://www.sibur.ru,ca1,False
https://www.sibur.ru,it2,False
https://www.sibur.ru,de4,False
https://www.tatneft.ru,ru1,False
https://www.tatneft.ru,at1,False
https://www.tatneft.ru,kz1,False
https://www.tatneft.ru,ru2,False
https://www.tatneft.ru,ua2,False
https://www.tatneft.ru,ir1,False
https://www.tatneft.ru,hk1,False
https://www.tatneft.ru,us2,False
https://www.tatneft.ru,lt1,False
https://www.tatneft.ru,md1,False
https://www.tatneft.ru,ca1,False
https://www.tatneft.ru,it2,False
https://www.tatneft.ru,nl1,False
https://www.tatneft.ru,ua1,False
https://www.tatneft.ru,de4,False
https://www.tatneft.ru,ch1,False
https://www.tatneft.ru,au1,False
https://www.tatneft.ru,pt1,False
https://www.tatneft.ru,tr1,False
https://www.tatneft.ru,fr2,False
https://www.tatneft.ru,us1,False
https://www.tmk-group.ru,ua1,True
https://www.tmk-group.ru,nl1,True
https://www.tmk-group.ru,ca1,True
https://www.tmk-group.ru,it2,True
https://www.tmk-group.ru,de4,True
https://www.tmk-group.ru,ch1,True
https://www.tmk-group.ru,au1,True
https://www.tmk-group.ru,pt1,True
https://www.tmk-group.ru,us1,True
https://www.tmk-group.ru,tr1,True
https://www.tmk-group.ru,fr2,True
https://www.tmk-group.ru,ru1,True
https://www.tmk-group.ru,kz1,True
https://www.tmk-group.ru,at1,True
https://www.tmk-group.ru,ru2,True
https://www.tmk-group.ru,ua2,True
https://www.tmk-group.ru,hk1,True
https://www.tmk-group.ru,ir1,True
https://www.tmk-group.ru,lt1,True
https://www.tmk-group.ru,us2,True
https://www.tmk-group.ru,md1,True
https://www.uralkali.com,de4,False
https://www.uralkali.com,ua1,False
https://www.uralkali.com,nl1,False
https://www.uralkali.com,ca1,False
https://www.uralkali.com,it2,False
https://www.uralkali.com,au1,False
https://www.uralkali.com,ch1,False
https://www.uralkali.com,us1,False
https://www.uralkali.com,tr1,False
https://www.uralkali.com,fr2,False
https://www.uralkali.com,pt1,False
https://www.uralkali.com,at1,False
https://www.uralkali.com,kz1,False
https://www.uralkali.com,ru1,False
https://www.uralkali.com,ua2,False
https://www.uralkali.com,ru2,False
https://www.uralkali.com,lt1,False
https://www.uralkali.com,us2,False
https://www.uralkali.com,hk1,False
https://www.uralkali.com,ir1,False
https://www.uralkali.com,md1,False
https://www.surgutneftegas.ru,us1,False
https://www.surgutneftegas.ru,fr2,False
https://www.surgutneftegas.ru,tr1,False
https://www.surgutneftegas.ru,pt1,False
https://www.surgutneftegas.ru,au1,False
https://www.surgutneftegas.ru,ch1,False
https://www.surgutneftegas.ru,de4,False
https://www.surgutneftegas.ru,ua1,False
https://www.surgutneftegas.ru,nl1,False
https://www.surgutneftegas.ru,ca1,False
https://www.surgutneftegas.ru,it2,False
https://www.surgutneftegas.ru,md1,False
https://www.surgutneftegas.ru,lt1,False
https://www.surgutneftegas.ru,us2,False
https://www.surgutneftegas.ru,hk1,False
https://www.surgutneftegas.ru,ir1,False
https://www.surgutneftegas.ru,ua2,False
https://www.surgutneftegas.ru,ru2,False
https://www.surgutneftegas.ru,kz1,False
https://www.surgutneftegas.ru,at1,False
https://www.surgutneftegas.ru,ru1,False
https://www.vokrug.tv/product/show/poedinok,ua2,True
https://www.vokrug.tv/product/show/poedinok,ru2,True
https://www.vokrug.tv/product/show/poedinok,at1,True
https://www.vokrug.tv/product/show/poedinok,kz1,True
https://www.vokrug.tv/product/show/poedinok,ru1,True
https://www.vokrug.tv/product/show/poedinok,md1,True
https://www.vokrug.tv/product/show/poedinok,lt1,True
https://www.vokrug.tv/product/show/poedinok,us2,True
https://www.vokrug.tv/product/show/poedinok,ir1,False
https://www.vokrug.tv/product/show/poedinok,hk1,True
https://www.vokrug.tv/product/show/poedinok,de4,True
https://www.vokrug.tv/product/show/poedinok,ua1,True
https://www.vokrug.tv/product/show/poedinok,nl1,True
https://www.vokrug.tv/product/show/poedinok,ca1,True
https://www.vokrug.tv/product/show/poedinok,it2,True
https://www.vokrug.tv/product/show/poedinok,us1,True
https://www.vokrug.tv/product/show/poedinok,fr2,True
https://www.vokrug.tv/product/show/poedinok,tr1,True
https://www.vokrug.tv/product/show/poedinok,pt1,True
https://www.vokrug.tv/product/show/poedinok,au1,True
https://www.vokrug.tv/product/show/poedinok,ch1,True
https://www.vtb.ru,ua2,False
https://www.vtb.ru,ru2,True
https://www.vtb.ru,at1,True
https://www.vtb.ru,kz1,True
https://www.vtb.ru,ru1,True
https://www.vtb.ru,md1,True
https://www.vtb.ru,lt1,False
https://www.vtb.ru,us2,False
https://www.vtb.ru,ir1,True
https://www.vtb.ru,hk1,False
https://www.vtb.ru,de4,False
https://www.vtb.ru,ua1,False
https://www.vtb.ru,it2,False
https://www.vtb.ru,nl1,False
https://www.vtb.ru,ca1,False
https://www.vtb.ru,us1,False
https://www.vtb.ru,tr1,False
https://www.vtb.ru,fr2,False
https://www.vtb.ru,pt1,False
https://www.vtb.ru,au1,True
https://www.vtb.ru,ch1,False
